Unnamed: 0,Plate,Well,Name,Golay.Barcode,Collaborator.ID,Sample.Name.External.ID,PID,PIDu,celiacs_group,GEMM,month,case_control,PIDcc,Study ID,Classification,Country,Sex,Delivery Mode,HLA,Onset Dx,Dx Status,disease_onset_details,Sample_ID
1,1,A1,806rcbc0,TCCCTTGTCTCC,39247,Leonard_CELIACS_01_GEMM_001_12M,GEMM_001,GEMM_001_12M,01,1,12,Case,Case 01,01-GEMM-001,1-CASE-001,USA,Female,Vaginal,DQ2.2 Heterozygous,60.0,CELIAC,Case_precede,NovaSeq_N979_I13177_39454_Leonard_Human_Stool_Celiac_01_GEMM_001_12M
2,1,A2,806rcbc1,ACGAGACTGATT,39248,Leonard_CELIACS_01_GEMM_001_18M,GEMM_001,GEMM_001_18M,01,1,18,Case,Case 01,01-GEMM-001,1-CASE-001,USA,Female,Vaginal,DQ2.2 Heterozygous,60.0,CELIAC,Case_precede,NovaSeq_N979_I13178_39455_Leonard_Human_Stool_Celiac_01_GEMM_001_18M
3,1,A3,806rcbc2,GCTGTACGGATT,39249,Leonard_CELIACS_01_GEMM_001_24M,GEMM_001,GEMM_001_24M,01,1,24,Case,Case 01,01-GEMM-001,1-CASE-001,USA,Female,Vaginal,DQ2.2 Heterozygous,60.0,CELIAC,Case_precede,NovaSeq_N979_I13179_39456_Leonard_Human_Stool_Celiac_01_GEMM_001_24M
4,1,A4,806rcbc3,ATCACCAGGTGT,39250,Leonard_CELIACS_01_GEMM_001_30M,GEMM_001,GEMM_001_30M,01,1,30,Case,Case 01,01-GEMM-001,1-CASE-001,USA,Female,Vaginal,DQ2.2 Heterozygous,60.0,CELIAC,Case_precede,NovaSeq_N979_I13180_39457_Leonard_Human_Stool_Celiac_01_GEMM_001_30M
5,1,A5,806rcbc4,TGGTCAACGATA,39251,Leonard_CELIACS_01_GEMM_001_36M,GEMM_001,GEMM_001_36M,01,1,36,Case,Case 01,01-GEMM-001,1-CASE-001,USA,Female,Vaginal,DQ2.2 Heterozygous,60.0,CELIAC,Case_precede,NovaSeq_N979_I13181_39458_Leonard_Human_Stool_Celiac_01_GEMM_001_36M
6,1,A6,806rcbc5,ATCGCACAGTAA,39252,Leonard_CELIACS_01_GEMM_001_48M,GEMM_001,GEMM_001_48M,01,1,48,Case,Case 01,01-GEMM-001,1-CASE-001,USA,Female,Vaginal,DQ2.2 Heterozygous,60.0,CELIAC,Case_precede,NovaSeq_N979_I13182_39459_Leonard_Human_Stool_Celiac_01_GEMM_001_48M
7,1,A7,806rcbc6,GTCGTGTAGCCT,39253,Leonard_CELIACS_01_GEMM_001_60M,GEMM_001,GEMM_001_60M,01,1,60,Case,Case 01,01-GEMM-001,1-CASE-001,USA,Female,Vaginal,DQ2.2 Heterozygous,60.0,CELIAC,Case_onset,NovaSeq_N979_I13183_39460_Leonard_Human_Stool_Celiac_01_GEMM_001_60M
8,1,A8,806rcbc7,AGCGGAGGTTAG,39254,Leonard_CELIACS_01_GEMM_009_12M,GEMM_009,GEMM_009_12M,01,9,12,Case,Case 02,01-GEMM-009,1-CASE-009,USA,Female,Vaginal,DQ8,84.0,CELIAC,Case_precede,NovaSeq_N979_I13184_39461_Leonard_Human_Stool_Celiac_01_GEMM_009_12M
9,1,A9,806rcbc8,ATCCTTTGGTTC,39255,Leonard_CELIACS_01_GEMM_009_18M,GEMM_009,GEMM_009_18M,01,9,18,Case,Case 02,01-GEMM-009,1-CASE-009,USA,Female,Vaginal,DQ8,84.0,CELIAC,Case_precede,NovaSeq_N979_I13185_39462_Leonard_Human_Stool_Celiac_01_GEMM_009_18M
10,1,A10,806rcbc9,TACAGCGCATAC,39256,Leonard_CELIACS_01_GEMM_009_24M,GEMM_009,GEMM_009_24M,01,9,24,Case,Case 02,01-GEMM-009,1-CASE-009,USA,Female,Vaginal,DQ8,84.0,CELIAC,Case_precede,NovaSeq_N979_I13186_39463_Leonard_Human_Stool_Celiac_01_GEMM_009_24M
11,1,A11,806rcbc10,ACCGGTATGTAC,39257,Leonard_CELIACS_01_GEMM_009_30M,GEMM_009,GEMM_009_30M,01,9,30,Case,Case 02,01-GEMM-009,1-CASE-009,USA,Female,Vaginal,DQ8,84.0,CELIAC,Case_precede,NovaSeq_N979_I13187_39464_Leonard_Human_Stool_Celiac_01_GEMM_009_30M
12,1,A12,806rcbc11,AATTGTGTCGGA,39258,Leonard_CELIACS_01_GEMM_009_36M,GEMM_009,GEMM_009_36M,01,9,36,Case,Case 02,01-GEMM-009,1-CASE-009,USA,Female,Vaginal,DQ8,84.0,CELIAC,Case_precede,NovaSeq_N979_I13188_39465_Leonard_Human_Stool_Celiac_01_GEMM_009_36M
13,1,B1,806rcbc12,TGCATACACTGG,39259,Leonard_CELIACS_01_GEMM_009_48M,GEMM_009,GEMM_009_48M,01,9,48,Case,Case 02,01-GEMM-009,1-CASE-009,USA,Female,Vaginal,DQ8,84.0,CELIAC,Case_precede,NovaSeq_N979_I13189_39466_Leonard_Human_Stool_Celiac_01_GEMM_009_48M
14,1,B2,806rcbc13,AGTCGAACGAGG,39260,Leonard_CELIACS_01_GEMM_009_60M,GEMM_009,GEMM_009_60M,01,9,60,Case,Case 02,01-GEMM-009,1-CASE-009,USA,Female,Vaginal,DQ8,84.0,CELIAC,Case_precede,NovaSeq_N979_I13190_39467_Leonard_Human_Stool_Celiac_01_GEMM_009_60M
15,1,B3,806rcbc14,ACCAGTGACTCA,39261,Leonard_CELIACS_01_GEMM_009_6Y,GEMM_009,GEMM_009_6Y,01,9,72,Case,Case 02,01-GEMM-009,1-CASE-009,USA,Female,Vaginal,DQ8,84.0,CELIAC,Case_precede,NovaSeq_N979_I13191_39468_Leonard_Human_Stool_Celiac_01_GEMM_009_6Y
16,1,B4,806rcbc15,GAATACCAAGTC,39262,Leonard_CELIACS_01_GEMM_009_7Y,GEMM_009,GEMM_009_7Y,01,9,84,Case,Case 02,01-GEMM-009,1-CASE-009,USA,Female,Vaginal,DQ8,84.0,CELIAC,Case_onset,NovaSeq_N979_I13192_39469_Leonard_Human_Stool_Celiac_01_GEMM_009_7Y
17,1,C2,806rcbc25,CGAGCAATCCTA,39272,Leonard_CELIACS_01_GEMM_014_12M,GEMM_014,GEMM_014_12M,01,14,12,Case,Case 03,01-GEMM-014,1-CASE-014,USA,Female,Vaginal,DQ2.5 and DQ7,48.0,CELIAC,Case_precede,NovaSeq_N979_I13202_39479_Leonard_Human_Stool_Celiac_01_GEMM_014_12M
18,1,C3,806rcbc26,AGTCGTGCACAT,39273,Leonard_CELIACS_01_GEMM_014_18M,GEMM_014,GEMM_014_18M,01,14,18,Case,Case 03,01-GEMM-014,1-CASE-014,USA,Female,Vaginal,DQ2.5 and DQ7,48.0,CELIAC,Case_precede,NovaSeq_N983_I13411_39480_Celiac_Leonard_Stool_01_GEMM_014_18M
19,1,C4,806rcbc27,GTATCTGCGCGT,39274,Leonard_CELIACS_01_GEMM_014_24M,GEMM_014,GEMM_014_24M,01,14,24,Case,Case 03,01-GEMM-014,1-CASE-014,USA,Female,Vaginal,DQ2.5 and DQ7,48.0,CELIAC,Case_precede,NovaSeq_N979_I13203_39481_Leonard_Human_Stool_Celiac_01_GEMM_014_24M
20,1,C6,806rcbc29,CAAATTCGGGAT,39275,Leonard_CELIACS_01_GEMM_014_30M,GEMM_014,GEMM_014_30M,01,14,30,Case,Case 03,01-GEMM-014,1-CASE-014,USA,Female,Vaginal,DQ2.5 and DQ7,48.0,CELIAC,Case_precede,NovaSeq_N979_I13204_39482_Leonard_Human_Stool_Celiac_01_GEMM_014_30M
21,1,C7,806rcbc30,AGATTGACCAAC,39276,Leonard_CELIACS_01_GEMM_014_36M,GEMM_014,GEMM_014_36M,01,14,36,Case,Case 03,01-GEMM-014,1-CASE-014,USA,Female,Vaginal,DQ2.5 and DQ7,48.0,CELIAC,Case_precede,NovaSeq_N979_I13205_39483_Leonard_Human_Stool_Celiac_01_GEMM_014_36M
22,1,C8,806rcbc31,AGTTACGAGCTA,39277,Leonard_CELIACS_01_GEMM_014_48M,GEMM_014,GEMM_014_48M,01,14,48,Case,Case 03,01-GEMM-014,1-CASE-014,USA,Female,Vaginal,DQ2.5 and DQ7,48.0,CELIAC,Case_onset,NovaSeq_N979_I13206_39484_Leonard_Human_Stool_Celiac_01_GEMM_014_48M
23,1,D11,806rcbc46,TGTGAATTCGGA,39291,Leonard_CELIACS_01_GEMM_026_12M,GEMM_026,GEMM_026_12M,01,26,12,Case,Case 04,01-GEMM-026,1-CASE-026,USA,Female,Vaginal,DQ2.2/2.5 Homozygous,60.0,CELIAC,Case_precede,NovaSeq_N979_I13220_39498_Leonard_Human_Stool_Celiac_01_GEMM_026_12M
24,1,D12,806rcbc47,CATTCGTGGCGT,39292,Leonard_CELIACS_01_GEMM_026_18M,GEMM_026,GEMM_026_18M,01,26,18,Case,Case 04,01-GEMM-026,1-CASE-026,USA,Female,Vaginal,DQ2.2/2.5 Homozygous,60.0,CELIAC,Case_precede,NovaSeq_N979_I13221_39499_Leonard_Human_Stool_Celiac_01_GEMM_026_18M
25,1,E1,806rcbc48,TACTACGTGGCC,39293,Leonard_CELIACS_01_GEMM_026_24M,GEMM_026,GEMM_026_24M,01,26,24,Case,Case 04,01-GEMM-026,1-CASE-026,USA,Female,Vaginal,DQ2.2/2.5 Homozygous,60.0,CELIAC,Case_precede,NovaSeq_N979_I13222_39500_Leonard_Human_Stool_Celiac_01_GEMM_026_24M
26,1,E2,806rcbc49,GGCCAGTTCCTA,39294,Leonard_CELIACS_01_GEMM_026_30M,GEMM_026,GEMM_026_30M,01,26,30,Case,Case 04,01-GEMM-026,1-CASE-026,USA,Female,Vaginal,DQ2.2/2.5 Homozygous,60.0,CELIAC,Case_precede,NovaSeq_N979_I13223_39501_Leonard_Human_Stool_Celiac_01_GEMM_026_30M
27,1,E3,806rcbc50,GATGTTCGCTAG,39295,Leonard_CELIACS_01_GEMM_026_36M,GEMM_026,GEMM_026_36M,01,26,36,Case,Case 04,01-GEMM-026,1-CASE-026,USA,Female,Vaginal,DQ2.2/2.5 Homozygous,60.0,CELIAC,Case_precede,NovaSeq_N979_I13224_39502_Leonard_Human_Stool_Celiac_01_GEMM_026_36M
28,1,E4,806rcbc51,CTATCTCCTGTC,39296,Leonard_CELIACS_01_GEMM_026_48M,GEMM_026,GEMM_026_48M,01,26,48,Case,Case 04,01-GEMM-026,1-CASE-026,USA,Female,Vaginal,DQ2.2/2.5 Homozygous,60.0,CELIAC,Case_precede,NovaSeq_N980_I13225_39503_Leonard_Human_Stool_Celiac_01_GEMM_026_48M
29,1,E5,806rcbc52,ACTCACAGGAAT,39297,Leonard_CELIACS_01_GEMM_026_60M,GEMM_026,GEMM_026_60M,01,26,60,Case,Case 04,01-GEMM-026,1-CASE-026,USA,Female,Vaginal,DQ2.2/2.5 Homozygous,60.0,CELIAC,Case_onset,NovaSeq_N980_I13226_39504_Leonard_Human_Stool_Celiac_01_GEMM_026_60M
30,1,E6,806rcbc53,ATGATGAGCCTC,39298,Leonard_CELIACS_01_GEMM_041_12M,GEMM_041,GEMM_041_12M,01,41,12,Case,,01-GEMM-041,1-CASE-041,USA,Female,Vaginal,DQ2.2 and DQ7,30.0,CELIAC,Case_precede,NovaSeq_N980_I13227_39505_Leonard_Human_Stool_Celiac_01_GEMM_041_12M
31,1,E7,806rcbc54,GTCGACAGAGGA,39299,Leonard_CELIACS_01_GEMM_041_18M,GEMM_041,GEMM_041_18M,01,41,18,Case,,01-GEMM-041,1-CASE-041,USA,Female,Vaginal,DQ2.2 and DQ7,30.0,CELIAC,Case_precede,NovaSeq_N983_I13412_39506_Celiac_Leonard_Stool_01_GEMM_041_18M
32,1,E9,806rcbc56,CATCCCTCTACT,39300,Leonard_CELIACS_01_GEMM_041_24M,GEMM_041,GEMM_041_24M,01,41,24,Case,,01-GEMM-041,1-CASE-041,USA,Female,Vaginal,DQ2.2 and DQ7,30.0,CELIAC,Case_precede,NovaSeq_N980_I13228_39507_Leonard_Human_Stool_Celiac_01_GEMM_041_24M
33,1,E10,806rcbc57,TATACCGCTGCG,39301,Leonard_CELIACS_01_GEMM_041_30M,GEMM_041,GEMM_041_30M,01,41,30,Case,,01-GEMM-041,1-CASE-041,USA,Female,Vaginal,DQ2.2 and DQ7,30.0,CELIAC,Case_onset,NovaSeq_N980_I13229_39508_Leonard_Human_Stool_Celiac_01_GEMM_041_30M
34,1,E11,806rcbc58,AGTTGAGGCATT,39302,Leonard_CELIACS_01_GEMM_045_12M,GEMM_045,GEMM_045_12M,01,45,12,Case,,01-GEMM-045,1-CONTROL-041,USA,Female,Vaginal,DQ2.2 and DQ7,,CONTROL,Case_precede,NovaSeq_N980_I13230_39509_Leonard_Human_Stool_Celiac_01_GEMM_045_12M
35,1,E12,806rcbc59,ACAATAGACACC,39303,Leonard_CELIACS01_GEMM_045_18M,GEMM_045,GEMM_045_18M,01,45,18,Case,,01-GEMM-045,1-CONTROL-041,USA,Female,Vaginal,DQ2.2 and DQ7,,CONTROL,Case_precede,NovaSeq_N980_I13231_39510_Leonard_Human_Stool_Celiac_01_GEMM_045_18M
36,1,F1,806rcbc60,CGGTCAATTGAC,39304,Leonard_CELIACS_01_GEMM_045_24M,GEMM_045,GEMM_045_24M,01,45,24,Case,,01-GEMM-045,1-CONTROL-041,USA,Female,Vaginal,DQ2.2 and DQ7,,CONTROL,Case_precede,NovaSeq_N980_I13232_39511_Leonard_Human_Stool_Celiac_01_GEMM_045_24M
37,1,F2,806rcbc61,GTGGAGTCTCAT,39305,Leonard_CELIACS_01_GEMM_045_30M,GEMM_045,GEMM_045_30M,01,45,30,Case,,01-GEMM-045,1-CONTROL-041,USA,Female,Vaginal,DQ2.2 and DQ7,,CONTROL,Case_precede,NovaSeq_N980_I13233_39512_Leonard_Human_Stool_Celiac_01_GEMM_045_30M
38,1,F3,806rcbc62,GCTCGAAGATTC,39306,Leonard_CELIACS_01_GEMM_052_12M,GEMM_052,GEMM_052_12M,01,52,12,Case,,01-GEMM-052,1-CASE-052,USA,Male,Vaginal,DQ2.5 Homozygous,60.0,CELIAC,Case_precede,NovaSeq_N980_I13234_39513_Leonard_Human_Stool_Celiac_01_GEMM_052_12M
39,1,F4,806rcbc63,AGGCTTACGTGT,39307,Leonard_CELIACS_01_GEMM_052_18M,GEMM_052,GEMM_052_18M,01,52,18,Case,,01-GEMM-052,1-CASE-052,USA,Male,Vaginal,DQ2.5 Homozygous,60.0,CELIAC,Case_precede,NovaSeq_N980_I13235_39514_Leonard_Human_Stool_Celiac_01_GEMM_052_18M
40,1,F5,806rcbc64,TCTCTACCACTC,39308,Leonard_CELIACS_01_GEMM_052_24M,GEMM_052,GEMM_052_24M,01,52,24,Case,,01-GEMM-052,1-CASE-052,USA,Male,Vaginal,DQ2.5 Homozygous,60.0,CELIAC,Case_precede,NovaSeq_N980_I13236_39515_Leonard_Human_Stool_Celiac_01_GEMM_052_24M
41,1,F6,806rcbc65,ACTTCCAACTTC,39309,Leonard_CELIACS_01_GEMM_052_30M,GEMM_052,GEMM_052_30M,01,52,30,Case,,01-GEMM-052,1-CASE-052,USA,Male,Vaginal,DQ2.5 Homozygous,60.0,CELIAC,Case_precede,NovaSeq_N980_I13237_39516_Leonard_Human_Stool_Celiac_01_GEMM_052_30M
42,1,F7,806rcbc66,CTCACCTAGGAA,39310,Leonard_CELIACS_01_GEMM_052_36M,GEMM_052,GEMM_052_36M,01,52,36,Case,,01-GEMM-052,1-CASE-052,USA,Male,Vaginal,DQ2.5 Homozygous,60.0,CELIAC,Case_precede,NovaSeq_N980_I13238_39517_Leonard_Human_Stool_Celiac_01_GEMM_052_36M
43,1,F8,806rcbc67,GTGTTGTCGTGC,39311,Leonard_CELIACS-01_GEMM_052_48M,GEMM_052,GEMM_052_48M,01,52,48,Case,,01-GEMM-052,1-CASE-052,USA,Male,Vaginal,DQ2.5 Homozygous,60.0,CELIAC,Case_precede,NovaSeq_N980_I13239_39518_Leonard_Human_Stool_Celiac_01_GEMM_052_48M
44,1,F9,806rcbc68,CCACAGATCGAT,39312,Leonard_CELIACS_01_GEMM_052_60M,GEMM_052,GEMM_052_60M,01,52,60,Case,,01-GEMM-052,1-CASE-052,USA,Male,Vaginal,DQ2.5 Homozygous,60.0,CELIAC,Case_onset,NovaSeq_N980_I13240_39519_Leonard_Human_Stool_Celiac_01_GEMM_052_60M
45,1,H4,806rcbc87,GGACTTCCAGCT,39330,Leonard_CELIACS_01_GEMM_061_12M,GEMM_061,GEMM_061_12M,01,61,12,Case,,01-GEMM-061,1-CASE-061,USA,Female,Vaginal,DQ2.2 Homozygous,84.0,CELIAC,Case_precede,NovaSeq_N980_I13258_39537_Leonard_Human_Stool_Celiac_01_GEMM_061_12M
46,1,H5,806rcbc88,CTCACAACCGTG,39331,Leonard_CELIACS_01_GEMM_061_18M,GEMM_061,GEMM_061_18M,01,61,18,Case,,01-GEMM-061,1-CASE-061,USA,Female,Vaginal,DQ2.2 Homozygous,84.0,CELIAC,Case_precede,NovaSeq_N980_I13259_39538_Leonard_Human_Stool_Celiac_01_GEMM_061_18M
47,1,H6,806rcbc89,CTGCTATTCCTC,39332,Leonard_CELIACS_01_GEMM_061_24M,GEMM_061,GEMM_061_24M,01,61,24,Case,,01-GEMM-061,1-CASE-061,USA,Female,Vaginal,DQ2.2 Homozygous,84.0,CELIAC,Case_precede,NovaSeq_N980_I13260_39539_Leonard_Human_Stool_Celiac_01_GEMM_061_24M
48,1,H7,806rcbc90,ATGTCACCGCTG,39333,Leonard_CELIACS_01_GEMM_061_30M,GEMM_061,GEMM_061_30M,01,61,30,Case,,01-GEMM-061,1-CASE-061,USA,Female,Vaginal,DQ2.2 Homozygous,84.0,CELIAC,Case_precede,NovaSeq_N980_I13261_39540_Leonard_Human_Stool_Celiac_01_GEMM_061_30M
49,1,H8,806rcbc91,TGTAACGCCGAT,39334,Leonard_CELIACS_01_GEMM_061_36M,GEMM_061,GEMM_061_36M,01,61,36,Case,,01-GEMM-061,1-CASE-061,USA,Female,Vaginal,DQ2.2 Homozygous,84.0,CELIAC,Case_precede,NovaSeq_N980_I13262_39541_Leonard_Human_Stool_Celiac_01_GEMM_061_36M
50,1,H9,806rcbc92,AGCAGAACATCT,39335,Leonard_CELIACS_01_GEMM_061_48M,GEMM_061,GEMM_061_48M,01,61,48,Case,,01-GEMM-061,1-CASE-061,USA,Female,Vaginal,DQ2.2 Homozygous,84.0,CELIAC,Case_precede,NovaSeq_N980_I13263_39542_Leonard_Human_Stool_Celiac_01_GEMM_061_48M
51,1,H10,806rcbc93,TGGAGTAGGTGG,39336,Leonard_CELIACS_01_GEMM_061_60M,GEMM_061,GEMM_061_60M,01,61,60,Case,,01-GEMM-061,1-CASE-061,USA,Female,Vaginal,DQ2.2 Homozygous,84.0,CELIAC,Case_precede,NovaSeq_N980_I13264_39543_Leonard_Human_Stool_Celiac_01_GEMM_061_60M
52,1,H11,806rcbc94,TTGGCTCTATTC,39337,Leonard_CELIACS_01_GEMM_061_6Y,GEMM_061,GEMM_061_6Y,01,61,72,Case,,01-GEMM-061,1-CASE-061,USA,Female,Vaginal,DQ2.2 Homozygous,84.0,CELIAC,Case_precede,NovaSeq_N980_I13265_39544_Leonard_Human_Stool_Celiac_01_GEMM_061_6Y
53,1,H12,806rcbc95,GATCCCACGTAC,39338,Leonard_CELIACS_01_GEMM_061_7Y,GEMM_061,GEMM_061_7Y,01,61,84,Case,,01-GEMM-061,1-CASE-061,USA,Female,Vaginal,DQ2.2 Homozygous,84.0,CELIAC,Case_onset,NovaSeq_N980_I13266_39545_Leonard_Human_Stool_Celiac_01_GEMM_061_7Y
54,2,B3,806rcbc110,TCATGCTCCATT,39352,Leonard_CELIACS_01_GEMM_079_12M,GEMM_079,GEMM_079_12M,01,79,12,Case,,01-GEMM-079,1-CASE-079,USA,Female,Vaginal,DQ8,60.0,CELIAC,Case_precede,NovaSeq_N978_I13136_39559_Celiac_Leonard_Stool_01_GEMM_079_12M
55,2,B4,806rcbc111,AGCTGTCAAGCT,39353,Leonard_CELIACS_01_GEMM_079_18M,GEMM_079,GEMM_079_18M,01,79,18,Case,,01-GEMM-079,1-CASE-079,USA,Female,Vaginal,DQ8,60.0,CELIAC,Case_precede,NovaSeq_N978_I13137_39560_Celiac_Leonard_Stool_01_GEMM_079_18M
56,2,B5,806rcbc112,GAGAGCAACAGA,39354,Leonard_CELIACS_01_GEMM_079_24M,GEMM_079,GEMM_079_24M,01,79,24,Case,,01-GEMM-079,1-CASE-079,USA,Female,Vaginal,DQ8,60.0,CELIAC,Case_precede,NovaSeq_N978_I13138_39561_Celiac_Leonard_Stool_01_GEMM_079_24M
57,2,B6,806rcbc113,TACTCGGGAACT,39355,Leonard_CELIACS_01_GEMM_079_30M,GEMM_079,GEMM_079_30M,01,79,30,Case,,01-GEMM-079,1-CASE-079,USA,Female,Vaginal,DQ8,60.0,CELIAC,Case_precede,NovaSeq_N978_I13139_39562_Celiac_Leonard_Stool_01_GEMM_079_30M
58,2,B7,806rcbc114,CGTGCTTAGGCT,39356,Leonard_CELIACS_01_GEMM_079_36M,GEMM_079,GEMM_079_36M,01,79,36,Case,,01-GEMM-079,1-CASE-079,USA,Female,Vaginal,DQ8,60.0,CELIAC,Case_precede,NovaSeq_N978_I13140_39563_Celiac_Leonard_Stool_01_GEMM_079_36M
59,2,B8,806rcbc115,TACCGAAGGTAT,39357,Leonard_CELIACS_01_GEMM_079_48M,GEMM_079,GEMM_079_48M,01,79,48,Case,,01-GEMM-079,1-CASE-079,USA,Female,Vaginal,DQ8,60.0,CELIAC,Case_precede,NovaSeq_N978_I13141_39564_Celiac_Leonard_Stool_01_GEMM_079_48M
60,2,B9,806rcbc116,CACTCATCATTC,39358,Leonard_CELIACS_01_GEMM_079_60M,GEMM_079,GEMM_079_60M,01,79,60,Case,,01-GEMM-079,1-CASE-079,USA,Female,Vaginal,DQ8,60.0,CELIAC,Case_onset,NovaSeq_N978_I13142_39565_Celiac_Leonard_Stool_01_GEMM_079_60M
61,2,B10,806rcbc117,GTATTTCGGACG,39359,Leonard_CELIACS_01_GEMM_081_12M,GEMM_081,GEMM_081_12M,01,81,12,Case,,01-GEMM-081,1-CASE-081,USA,Female,Vaginal,DQ2.2/2.5 Homozygous,18.0,CELIAC,Case_precede,NovaSeq_N978_I13143_39566_Celiac_Leonard_Stool_01_GEMM_081_12M
62,2,B11,806rcbc118,TATCTATCCTGC,39360,Leonard_CELIACS_01_GEMM_081_18M,GEMM_081,GEMM_081_18M,01,81,18,Case,,01-GEMM-081,1-CASE-081,USA,Female,Vaginal,DQ2.2/2.5 Homozygous,18.0,CELIAC,Case_onset,NovaSeq_N978_I13144_39567_Celiac_Leonard_Stool_01_GEMM_081_18M
63,2,B12,806rcbc119,TTGCCAAGAGTC,39361,Leonard_CELIACS_01_GEMM_085_12M,GEMM_085,GEMM_085_12M,01,85,12,Case,,01-GEMM-085,1-CASE-085,USA,Male,Vaginal,DQ2.5 Homozygous,24.0,CELIAC,Case_precede,NovaSeq_N978_I13145_39568_Celiac_Leonard_Stool_01_GEMM_085_12M
64,2,C1,806rcbc120,AGTAGCGGAAGA,39362,Leonard_CELIACS_01_GEMM_085_24M,GEMM_085,GEMM_085_24M,01,85,24,Case,,01-GEMM-085,1-CASE-085,USA,Male,Vaginal,DQ2.5 Homozygous,24.0,CELIAC,Case_onset,NovaSeq_N978_I13146_39569_Celiac_Leonard_Stool_01_GEMM_085_24M
65,2,C2,806rcbc121,GCAATTAGGTAC,39363,Leonard_CELIACS_01_GEMM_093_12M,GEMM_093,GEMM_093_12M,01,93,12,Case,,01-GEMM-093,1-CASE-093,USA,Male,Vaginal,DQ8,48.0,CELIAC,Case_precede,NovaSeq_N978_I13147_39570_Celiac_Leonard_Stool_01_GEMM_093_12M
66,2,C3,806rcbc122,CATACCGTGAGT,39364,Leonard_CELIACS_01_GEMM_093_18M,GEMM_093,GEMM_093_18M,01,93,18,Case,,01-GEMM-093,1-CASE-093,USA,Male,Vaginal,DQ8,48.0,CELIAC,Case_precede,NovaSeq_N978_I13148_39571_Celiac_Leonard_Stool_01_GEMM_093_18M
67,2,C4,806rcbc123,ATGTGTGTAGAC,39365,Leonard_CELIACS_01_GEMM_093_24M,GEMM_093,GEMM_093_24M,01,93,24,Case,,01-GEMM-093,1-CASE-093,USA,Male,Vaginal,DQ8,48.0,CELIAC,Case_precede,NovaSeq_N978_I13149_39572_Celiac_Leonard_Stool_01_GEMM_093_24M
68,2,C5,806rcbc124,CCTGCGAAGTAT,39366,Leonard_CELIACS_01_GEMM_093_30M,GEMM_093,GEMM_093_30M,01,93,30,Case,,01-GEMM-093,1-CASE-093,USA,Male,Vaginal,DQ8,48.0,CELIAC,Case_precede,NovaSeq_N978_I13150_39573_Celiac_Leonard_Stool_01_GEMM_093_30M
69,2,C6,806rcbc125,TTCTCTCGACAT,39367,Leonard_CELIACS_01_GEMM_093_36M,GEMM_093,GEMM_093_36M,01,93,36,Case,,01-GEMM-093,1-CASE-093,USA,Male,Vaginal,DQ8,48.0,CELIAC,Case_precede,NovaSeq_N978_I13151_39574_Celiac_Leonard_Stool_01_GEMM_093_36M
70,2,C7,806rcbc126,GCTCTCCGTAGA,39368,Leonard_CELIACS_01_GEMM_093_48M,GEMM_093,GEMM_093_48M,01,93,48,Case,,01-GEMM-093,1-CASE-093,USA,Male,Vaginal,DQ8,48.0,CELIAC,Case_onset,NovaSeq_N978_I13152_39575_Celiac_Leonard_Stool_01_GEMM_093_48M
71,2,D8,806rcbc139,CGTGATCCGCTA,39380,Leonard_CELIACS_01_GEMM_106_12M,GEMM_106,GEMM_106_12M,01,106,12,Case,,01-GEMM-106,1-CASE-106,USA,Female,Vaginal,DQ2.2 Homozygous,48.0,CELIAC,Case_precede,NovaSeq_N983_I13413_39587_Celiac_Leonard_Stool_01_GEMM_106_12M
72,2,D9,806rcbc140,GGTTATTTGGCG,39381,Leonard_CELIACS_01_GEMM_106_18M,GEMM_106,GEMM_106_18M,01,106,18,Case,,01-GEMM-106,1-CASE-106,USA,Female,Vaginal,DQ2.2 Homozygous,48.0,CELIAC,Case_precede,NovaSeq_N978_I13165_39588_Celiac_Leonard_Stool_01_GEMM_106_18M
73,2,D10,806rcbc141,GGATCGTAATAC,39382,Leonard_CELIACS_01_GEMM_106_24M,GEMM_106,GEMM_106_24M,01,106,24,Case,,01-GEMM-106,1-CASE-106,USA,Female,Vaginal,DQ2.2 Homozygous,48.0,CELIAC,Case_precede,NovaSeq_N978_I13166_39589_Celiac_Leonard_Stool_01_GEMM_106_24M
74,2,D11,806rcbc142,GCATAGCATCAA,39383,Leonard_CELIACS_01_GEMM_106_30M,GEMM_106,GEMM_106_30M,01,106,30,Case,,01-GEMM-106,1-CASE-106,USA,Female,Vaginal,DQ2.2 Homozygous,48.0,CELIAC,Case_precede,NovaSeq_N978_I13167_39590_Celiac_Leonard_Stool_01_GEMM_106_30M
75,2,D12,806rcbc143,GTGTTAGATGTG,39384,Leonard_CELIACS_01_GEMM_106_36M,GEMM_106,GEMM_106_36M,01,106,36,Case,,01-GEMM-106,1-CASE-106,USA,Female,Vaginal,DQ2.2 Homozygous,48.0,CELIAC,Case_precede,NovaSeq_N978_I13168_39591_Celiac_Leonard_Stool_01_GEMM_106_36M
76,2,E1,806rcbc144,TTAGAGCCATGC,39385,Leonard_CELIACS_01_GEMM_106_48M,GEMM_106,GEMM_106_48M,01,106,48,Case,,01-GEMM-106,1-CASE-106,USA,Female,Vaginal,DQ2.2 Homozygous,48.0,CELIAC,Case_onset,NovaSeq_N978_I13169_39592_Celiac_Leonard_Stool_01_GEMM_106_48M
77,2,E8,806rcbc151,AGCTATGTATGG,39392,Leonard_CELIACS_01_GEMM_119_12M,GEMM_119,GEMM_119_12M,01,119,12,Case,,01-GEMM-119,1-CASE-119,USA,Female,Vaginal,DQ2.5 and DQ8,30.0,CELIAC,Case_precede,NovaSeq_N978_I13176_39599_Celiac_Leonard_Stool_01_GEMM_119_12M
78,2,E9,806rcbc152,ACGGGTCATCAT,39393,Leonard_CELIACS_01_GEMM_119_18M,GEMM_119,GEMM_119_18M,01,119,18,Case,,01-GEMM-119,1-CASE-119,USA,Female,Vaginal,DQ2.5 and DQ8,30.0,CELIAC,Case_precede,NovaSeq_N966_I12884_39600_Celiac_Leonard_Stool_01_GEMM_119_18M
79,2,E10,806rcbc153,GAAACATCCCAC,39394,Leonard_CELIACS_01_GEMM_119_24M,GEMM_119,GEMM_119_24M,01,119,24,Case,,01-GEMM-119,1-CASE-119,USA,Female,Vaginal,DQ2.5 and DQ8,30.0,CELIAC,Case_precede,NovaSeq_N966_I12885_39601_Celiac_Leonard_Stool_01_GEMM_119_24M
80,2,E11,806rcbc154,CGTACTCTCGAG,39395,Leonard_CELIACS_01_GEMM_119_30M,GEMM_119,GEMM_119_30M,01,119,30,Case,,01-GEMM-119,1-CASE-119,USA,Female,Vaginal,DQ2.5 and DQ8,30.0,CELIAC,Case_onset,NovaSeq_N966_I12886_39602_Celiac_Leonard_Stool_01_GEMM_119_30M
81,2,E12,806rcbc155,TCAGTTCTCGTT,39396,Leonard_CELIACS_01_GEMM_119_36M,GEMM_119,GEMM_119_36M,01,119,36,Case,,01-GEMM-119,1-CASE-119,USA,Female,Vaginal,DQ2.5 and DQ8,30.0,CELIAC,Case_precede,NovaSeq_N966_I12887_39603_Celiac_Leonard_Stool_01_GEMM_119_36M
82,2,F1,806rcbc156,TCGTGCGTGTTG,39397,Leonard_CELIACS_01_GEMM_128_12M,GEMM_128,GEMM_128_12M,01,128,12,Case,,01-GEMM-128,1-CASE-128,USA,Female,Vaginal,DQ2.3 Heterozygous,60.0,CELIAC,Case_precede,NovaSeq_N966_I12888_39604_Celiac_Leonard_Stool_01_GEMM_128_12M
83,2,F2,806rcbc157,GTTATCGCATGG,39398,Leonard_CELIACS_01_GEMM_128_18M,GEMM_128,GEMM_128_18M,01,128,18,Case,,01-GEMM-128,1-CASE-128,USA,Female,Vaginal,DQ2.3 Heterozygous,60.0,CELIAC,Case_precede,NovaSeq_N966_I12889_39605_Celiac_Leonard_Stool_01_GEMM_128_18M
84,2,F3,806rcbc158,GATCACGAGAGG,39399,Leonard_CELIACS_01_GEMM_128_24M,GEMM_128,GEMM_128_24M,01,128,24,Case,,01-GEMM-128,1-CASE-128,USA,Female,Vaginal,DQ2.3 Heterozygous,60.0,CELIAC,Case_precede,NovaSeq_N966_I12890_39606_Celiac_Leonard_Stool_01_GEMM_128_24M
85,2,F4,806rcbc159,GTAAATTCAGGC,39400,Leonard_CELIACS_01_GEMM_128_30M,GEMM_128,GEMM_128_30M,01,128,30,Case,,01-GEMM-128,1-CASE-128,USA,Female,Vaginal,DQ2.3 Heterozygous,60.0,CELIAC,Case_precede,NovaSeq_N966_I12891_39607_Celiac_Leonard_Stool_01_GEMM_128_30M
86,2,F6,806rcbc161,ACACGCGGTTTA,39401,Leonard_CELIACS_01_GEMM_128_36M,GEMM_128,GEMM_128_36M,01,128,36,Case,,01-GEMM-128,1-CASE-128,USA,Female,Vaginal,DQ2.3 Heterozygous,60.0,CELIAC,Case_precede,NovaSeq_N966_I12892_39608_Celiac_Leonard_Stool_01_GEMM_128_36M
87,2,F7,806rcbc162,TGGCAAATCTAG,39402,Leonard_CELIACS_01_GEMM_128_48M,GEMM_128,GEMM_128_48M,01,128,48,Case,,01-GEMM-128,1-CASE-128,USA,Female,Vaginal,DQ2.3 Heterozygous,60.0,CELIAC,Case_precede,NovaSeq_N966_I12893_39609_Celiac_Leonard_Stool_01_GEMM_128_48M
88,2,F8,806rcbc163,CACCTTACCTTA,39403,Leonard_CELIACS_01_GEMM_128_60M,GEMM_128,GEMM_128_60M,01,128,60,Case,,01-GEMM-128,1-CASE-128,USA,Female,Vaginal,DQ2.3 Heterozygous,60.0,CELIAC,Case_onset,NovaSeq_N966_I12894_39610_Celiac_Leonard_Stool_01_GEMM_128_60M
89,2,F11,806rcbc166,CGTGACAATAGT,39406,Leonard_CELIACS_01_GEMM_150_12M,GEMM_150,GEMM_150_12M,01,150,12,Case,,01-GEMM-150,1-CASE-150,USA,Female,Vaginal,DQ2.2/2.5 Homozygous,48.0,CELIAC,Case_precede,NovaSeq_N966_I12897_39613_Celiac_Leonard_Stool_01_GEMM_150_12M
90,2,F12,806rcbc167,CGCTACAACTCG,39407,Leonard_CELIACS_01_GEMM_150_18M,GEMM_150,GEMM_150_18M,01,150,18,Case,,01-GEMM-150,1-CASE-150,USA,Female,Vaginal,DQ2.2/2.5 Homozygous,48.0,CELIAC,Case_precede,NovaSeq_N966_I12898_39614_Celiac_Leonard_Stool_01_GEMM_150_18M
91,2,G1,806rcbc168,TTAAGACAGTCG,39408,Leonard_CELIACS_01_GEMM_150_24M,GEMM_150,GEMM_150_24M,01,150,24,Case,,01-GEMM-150,1-CASE-150,USA,Female,Vaginal,DQ2.2/2.5 Homozygous,48.0,CELIAC,Case_precede,NovaSeq_N966_I12899_39615_Celiac_Leonard_Stool_01_GEMM_150_24M
92,2,G2,806rcbc169,TCTGCACTGAGC,39409,Leonard_CELIACS_01_GEMM_150_30M,GEMM_150,GEMM_150_30M,01,150,30,Case,,01-GEMM-150,1-CASE-150,USA,Female,Vaginal,DQ2.2/2.5 Homozygous,48.0,CELIAC,Case_precede,NovaSeq_N966_I12900_39616_Celiac_Leonard_Stool_01_GEMM_150_30M
93,2,G3,806rcbc170,CGCAGATTAGTA,39410,Leonard_CELIACS_01_GEMM_150_36M,GEMM_150,GEMM_150_36M,01,150,36,Case,,01-GEMM-150,1-CASE-150,USA,Female,Vaginal,DQ2.2/2.5 Homozygous,48.0,CELIAC,Case_precede,NovaSeq_N966_I12901_39617_Celiac_Leonard_Stool_01_GEMM_150_36M
94,2,G4,806rcbc171,TGGGTCCCACAT,39411,Leonard_CELIACS_01_GEMM_150_48M,GEMM_150,GEMM_150_48M,01,150,48,Case,,01-GEMM-150,1-CASE-150,USA,Female,Vaginal,DQ2.2/2.5 Homozygous,48.0,CELIAC,Case_onset,NovaSeq_N966_I12902_39618_Celiac_Leonard_Stool_01_GEMM_150_48M
95,3,A3,806rcbc194,GTGGTCATCGTA,39433,Leonard_CELIACS_01_GEMM_175_12M,GEMM_175,GEMM_175_12M,01,175,12,Case,,01-GEMM-175,1-CASE-175,USA,Female,Vaginal,DQ2.2/2.5 Homozygous,48.0,CELIAC,Case_precede,NovaSeq_N966_I12924_39640_Celiac_Leonard_Stool_01_GEMM_175_12M
96,3,A4,806rcbc195,CTGAAGGGCGAA,39434,Leonard_CELIACS_01_GEMM_175_18M,GEMM_175,GEMM_175_18M,01,175,18,Case,,01-GEMM-175,1-CASE-175,USA,Female,Vaginal,DQ2.2/2.5 Homozygous,48.0,CELIAC,Case_precede,NovaSeq_N966_I12925_39641_Celiac_Leonard_Stool_01_GEMM_175_18M
97,3,A5,806rcbc196,CGCTCACAGAAT,39435,Leonard_CELIACS_01_GEMM_175_24M,GEMM_175,GEMM_175_24M,01,175,24,Case,,01-GEMM-175,1-CASE-175,USA,Female,Vaginal,DQ2.2/2.5 Homozygous,48.0,CELIAC,Case_precede,NovaSeq_N966_I12926_39642_Celiac_Leonard_Stool_01_GEMM_175_24M
98,3,A6,806rcbc197,ATTCGGTAGTGC,39436,Leonard_CELIACS_01_GEMM_175_30M,GEMM_175,GEMM_175_30M,01,175,30,Case,,01-GEMM-175,1-CASE-175,USA,Female,Vaginal,DQ2.2/2.5 Homozygous,48.0,CELIAC,Case_precede,NovaSeq_N966_I12927_39643_Celiac_Leonard_Stool_01_GEMM_175_30M
99,3,A7,806rcbc198,CGAGCTGTTACC,39437,Leonard_CELIACS_01_GEMM_175_36M,GEMM_175,GEMM_175_36M,01,175,36,Case,,01-GEMM-175,1-CASE-175,USA,Female,Vaginal,DQ2.2/2.5 Homozygous,48.0,CELIAC,Case_precede,NovaSeq_N966_I12928_39644_Celiac_Leonard_Stool_01_GEMM_175_36M
100,3,A8,806rcbc199,CAACACATGCTG,39438,Leonard_CELIACS_01_GEMM_175_48M,GEMM_175,GEMM_175_48M,01,175,48,Case,,01-GEMM-175,1-CASE-175,USA,Female,Vaginal,DQ2.2/2.5 Homozygous,48.0,CELIAC,Case_onset,NovaSeq_N966_I12929_39645_Celiac_Leonard_Stool_01_GEMM_175_48M
101,3,E2,806rcbc241,GCCGTAAACTTG,39685,Leonard_CELIACS_02_GEMM_024_12M,GEMM_024,GEMM_024_12M,02,24,12,Case,,02-GEMM-024,2-CASE-024,ITALY,Male,Vaginal,DQ2.2 Heterozygous,18.0,CELIAC,Case_precede,NovaSeq_N981_I13303_39817_Celiac_Leonard_Stool_02_GEMM_024_12M
102,3,E3,806rcbc242,GCAGATTTCCAG,39686,Leonard_CELIACS_02_GEMM_024_18M,GEMM_024,GEMM_024_18M,02,24,18,Case,,02-GEMM-024,2-CASE-024,ITALY,Male,Vaginal,DQ2.2 Heterozygous,18.0,CELIAC,Case_onset,NovaSeq_N981_I13304_39818_Celiac_Leonard_Stool_02_GEMM_024_18M
103,3,F2,806rcbc253,ACTCTAGCCGGT,39697,Leonard_CELIACS_02_GEMM_057_12M,GEMM_057,GEMM_057_12M,02,57,12,Case,,02-GEMM-057,2-CASE-057,ITALY,Male,Vaginal,DQ2.2 and DQ7,30.0,CELIAC,Case_precede,NovaSeq_N981_I13315_39829_Celiac_Leonard_Stool_02_GEMM_057_12M
104,3,F3,806rcbc254,CGATAGGCCTTA,39698,Leonard_CELIACS_02_GEMM_057_18M,GEMM_057,GEMM_057_18M,02,57,18,Case,,02-GEMM-057,2-CASE-057,ITALY,Male,Vaginal,DQ2.2 and DQ7,30.0,CELIAC,Case_precede,NovaSeq_N981_I13316_39830_Celiac_Leonard_Stool_02_GEMM_057_18M
105,3,F4,806rcbc255,AATGACCTCGTG,39699,Leonard_CELIACS_02_GEMM_057_24M,GEMM_057,GEMM_057_24M,02,57,24,Case,,02-GEMM-057,2-CASE-057,ITALY,Male,Vaginal,DQ2.2 and DQ7,30.0,CELIAC,Case_precede,NovaSeq_N981_I13317_39831_Celiac_Leonard_Stool_02_GEMM_057_24M
106,3,F5,806rcbc256,CTTAGGCATGTG,39700,Leonard_CELIACS_02_GEMM_057_30M,GEMM_057,GEMM_057_30M,02,57,30,Case,,02-GEMM-057,2-CASE-057,ITALY,Male,Vaginal,DQ2.2 and DQ7,30.0,CELIAC,Case_onset,NovaSeq_N981_I13318_39832_Celiac_Leonard_Stool_02_GEMM_057_30M
107,3,G9,806rcbc272,TACGGATTATGG,39715,Leonard_CELIACS_02_GEMM_109_12M,GEMM_109,GEMM_109_12M,02,109,12,Case,,02-GEMM-109,2-CASE-109,ITALY,Female,C-Section,DQ2.2 and DQ8,18.0,CELIAC,Case_precede,NovaSeq_N982_I13333_39847_Celiac_Leonard_Stool_02_GEMM_109_12M
108,3,G10,806rcbc273,ATAGCGAACTCA,39716,Leonard_CELIACS_02_GEMM_109_18M,GEMM_109,GEMM_109_18M,02,109,18,Case,,02-GEMM-109,2-CASE-109,ITALY,Female,C-Section,DQ2.2 and DQ8,18.0,CELIAC,Case_onset,NovaSeq_N982_I13334_39848_Celiac_Leonard_Stool_02_GEMM_109_18M
109,3,H8,806rcbc283,CGCATTTGGATG,39725,Leonard_CELIACS_02_GEMM_141_12M,GEMM_141,GEMM_141_12M,02,141,12,Case,,02-GEMM-141,2-CASE-141,ITALY,Female,Vaginal,DQ2.2/2.5 Homozygous,18.0,CELIAC,Case_precede,NovaSeq_N982_I13343_39857_Celiac_Leonard_Stool_02_GEMM_141_12M
110,3,H9,806rcbc284,ATAACATGTGCG,39726,Leonard_CELIACS_02_GEMM_141_18M,GEMM_141,GEMM_141_18M,02,141,18,Case,,02-GEMM-141,2-CASE-141,ITALY,Female,Vaginal,DQ2.2/2.5 Homozygous,18.0,CELIAC,Case_onset,NovaSeq_N982_I13344_39858_Celiac_Leonard_Stool_02_GEMM_141_18M
111,3,H10,806rcbc285,CTTGAGAAATCG,39727,Leonard_CELIACS_02_GEMM_158_12M,GEMM_158,GEMM_158_12M,02,158,12,Case,,02-GEMM-158,2-CASE-158,ITALY,Female,C-Section,DQ2.5 Heterozygous,18.0,CELIAC,Case_precede,NovaSeq_N982_I13345_39859_Celiac_Leonard_Stool_02_GEMM_158_12M
112,3,H11,806rcbc286,CTACACAGCACA,39728,Leonard_CELIACS_02_GEMM_158_18M,GEMM_158,GEMM_158_18M,02,158,18,Case,,02-GEMM-158,2-CASE-158,ITALY,Female,C-Section,DQ2.5 Heterozygous,18.0,CELIAC,Case_onset,NovaSeq_N982_I13346_39860_Celiac_Leonard_Stool_02_GEMM_158_18M
113,4,A2,806rcbc289,GATCATTCTCTC,39731,Leonard_CELIACS_02_GEMM_175_12M,GEMM_175,GEMM_175_12M,02,175,12,Case,,02-GEMM-175,2-CASE-175,ITALY,Female,Vaginal,DQ2.5 Heterozygous,48.0,CELIAC,Case_precede,NovaSeq_N982_I13349_39863_Celiac_Leonard_Stool_02_GEMM_175_12M
114,4,A3,806rcbc290,AGACATACCGTA,39732,Leonard_CELIACS_02_GEMM_175_18M,GEMM_175,GEMM_175_18M,02,175,18,Case,,02-GEMM-175,2-CASE-175,ITALY,Female,Vaginal,DQ2.5 Heterozygous,48.0,CELIAC,Case_precede,NovaSeq_N982_I13350_39864_Celiac_Leonard_Stool_02_GEMM_175_18M
115,4,A4,806rcbc291,GATCCTCATGCG,39733,Leonard_CELIACS_02_GEMM_175_24M,GEMM_175,GEMM_175_24M,02,175,24,Case,,02-GEMM-175,2-CASE-175,ITALY,Female,Vaginal,DQ2.5 Heterozygous,48.0,CELIAC,Case_precede,NovaSeq_N982_I13351_39865_Celiac_Leonard_Stool_02_GEMM_175_24M
116,4,A5,806rcbc292,ATTATCGTCCCT,39734,Leonard_CELIACS_02_GEMM_175_30M,GEMM_175,GEMM_175_30M,02,175,30,Case,,02-GEMM-175,2-CASE-175,ITALY,Female,Vaginal,DQ2.5 Heterozygous,48.0,CELIAC,Case_precede,NovaSeq_N982_I13352_39866_Celiac_Leonard_Stool_02_GEMM_175_30M
117,4,A6,806rcbc293,CCAGACCGCTAT,39735,Leonard_CELIACS_02_GEMM_175_36M,GEMM_175,GEMM_175_36M,02,175,36,Case,,02-GEMM-175,2-CASE-175,ITALY,Female,Vaginal,DQ2.5 Heterozygous,48.0,CELIAC,Case_precede,NovaSeq_N982_I13353_39867_Celiac_Leonard_Stool_02_GEMM_175_36M
118,4,A7,806rcbc294,AGCTCTAGAAAC,39736,Leonard_CELIACS_02_GEMM_175_48M,GEMM_175,GEMM_175_48M,02,175,48,Case,,02-GEMM-175,2-CASE-175,ITALY,Female,Vaginal,DQ2.5 Heterozygous,48.0,CELIAC,Case_onset,NovaSeq_N982_I13354_39868_Celiac_Leonard_Stool_02_GEMM_175_48M
119,4,A8,806rcbc295,TCCATCGACGTG,39737,Leonard_CELIACS_02_GEMM_177_12M,GEMM_177,GEMM_177_12M,02,177,12,Case,,02-GEMM-177,2-CASE-177,ITALY,Female,C-Section,DQ2.2 Heterozygous,48.0,CELIAC,Case_precede,NovaSeq_N982_I13355_39869_Celiac_Leonard_Stool_02_GEMM_177_12M
120,4,A9,806rcbc296,CGATGTGTGGTT,39738,Leonard_CELIACS_02_GEMM_177_18M,GEMM_177,GEMM_177_18M,02,177,18,Case,,02-GEMM-177,2-CASE-177,ITALY,Female,C-Section,DQ2.2 Heterozygous,48.0,CELIAC,Case_precede,NovaSeq_N982_I13356_39870_Celiac_Leonard_Stool_02_GEMM_177_18M
121,4,A10,806rcbc297,GCGAAGTTGGGA,39739,Leonard_CELIACS_02_GEMM_177_24M,GEMM_177,GEMM_177_24M,02,177,24,Case,,02-GEMM-177,2-CASE-177,ITALY,Female,C-Section,DQ2.2 Heterozygous,48.0,CELIAC,Case_precede,NovaSeq_N982_I13357_39871_Celiac_Leonard_Stool_02_GEMM_177_24M
122,4,A11,806rcbc298,GCATTCGGCGTT,39740,Leonard_CELIACS_02_GEMM_177_30M,GEMM_177,GEMM_177_30M,02,177,30,Case,,02-GEMM-177,2-CASE-177,ITALY,Female,C-Section,DQ2.2 Heterozygous,48.0,CELIAC,Case_precede,NovaSeq_N982_I13358_39872_Celiac_Leonard_Stool_02_GEMM_177_30M
123,4,A12,806rcbc299,CGCCATTGTGCA,39741,Leonard_CELIACS_02_GEMM_177_36M,GEMM_177,GEMM_177_36M,02,177,36,Case,,02-GEMM-177,2-CASE-177,ITALY,Female,C-Section,DQ2.2 Heterozygous,48.0,CELIAC,Case_precede,NovaSeq_N982_I13359_39873_Celiac_Leonard_Stool_02_GEMM_177_36M
124,4,B1,806rcbc300,TCCAACTGCAGA,39742,Leonard_CELIACS_02_GEMM_177_48M,GEMM_177,GEMM_177_48M,02,177,48,Case,,02-GEMM-177,2-CASE-177,ITALY,Female,C-Section,DQ2.2 Heterozygous,48.0,CELIAC,Case_onset,NovaSeq_N982_I13360_39874_Celiac_Leonard_Stool_02_GEMM_177_48M
125,4,B2,806rcbc301,TAAAGACCCGTA,39743,Leonard_CELIACS_02_GEMM_179_18M,GEMM_179,GEMM_179_18M,02,179,18,Case,,02-GEMM-179,2-CASE-179,ITALY,Female,C-Section,DQ2.2 and DQ7,30.0,CELIAC,Case_precede,NovaSeq_N982_I13361_39875_Celiac_Leonard_Stool_02_GEMM_179_18M
126,4,B3,806rcbc302,TGTATCTTCACC,39744,Leonard_CELIACS_02_GEMM_179_24M,GEMM_179,GEMM_179_24M,02,179,24,Case,,02-GEMM-179,2-CASE-179,ITALY,Female,C-Section,DQ2.2 and DQ7,30.0,CELIAC,Case_precede,NovaSeq_N982_I13362_39876_Celiac_Leonard_Stool_02_GEMM_179_24M
127,4,B4,806rcbc303,GACTGACTCGTC,39745,Leonard_CELIACS_02_GEMM_179_30M,GEMM_179,GEMM_179_30M,02,179,30,Case,,02-GEMM-179,2-CASE-179,ITALY,Female,C-Section,DQ2.2 and DQ7,30.0,CELIAC,Case_onset,NovaSeq_N982_I13363_39877_Celiac_Leonard_Stool_02_GEMM_179_30M
128,4,B6,806rcbc305,GACGCACTAACT,39746,Leonard_CELIACS_02_GEMM_194_12M,GEMM_194,GEMM_194_12M,02,194,12,Case,,02-GEMM-194,2-CASE-194,ITALY,Male,C-Section,DQ2.5 Heterozygous,18.0,CELIAC,Case_precede,NovaSeq_N982_I13364_39878_Celiac_Leonard_Stool_02_GEMM_194_12M
129,4,B7,806rcbc306,GGCGATTTACGT,39747,Leonard_CELIACS_02_GEMM_194_18M,GEMM_194,GEMM_194_18M,02,194,18,Case,,02-GEMM-194,2-CASE-194,ITALY,Male,C-Section,DQ2.5 Heterozygous,18.0,CELIAC,Case_onset,NovaSeq_N982_I13365_39879_Celiac_Leonard_Stool_02_GEMM_194_18M
130,4,B11,806rcbc310,CAGTCGTTAAGA,39751,Leonard_CELIACS_02_GEMM_020_12M,GEMM_020,GEMM_020_12M,02,20,12,Case,,02-GEMM-020,2-CASE-020,ITALY,Male,Vaginal,DQ2.2/2.5 Homozygous,30.0,CELIAC,Case_precede,NovaSeq_N983_I13369_39883_Celiac_Leonard_Stool_02_GEMM_020_12M
131,4,B12,806rcbc311,CTACGAAAGCCT,39752,Leonard_CELIACS_02_GEMM_020_18M,GEMM_020,GEMM_020_18M,02,20,18,Case,,02-GEMM-020,2-CASE-020,ITALY,Male,Vaginal,DQ2.2/2.5 Homozygous,30.0,CELIAC,Case_precede,NovaSeq_N983_I13370_39884_Celiac_Leonard_Stool_02_GEMM_020_18M
132,4,C1,806rcbc312,ATAATTGCCGAG,39753,Leonard_CELIACS_02_GEMM_020_24M,GEMM_020,GEMM_020_24M,02,20,24,Case,,02-GEMM-020,2-CASE-020,ITALY,Male,Vaginal,DQ2.2/2.5 Homozygous,30.0,CELIAC,Case_precede,NovaSeq_N983_I13371_39885_Celiac_Leonard_Stool_02_GEMM_020_24M
133,4,C2,806rcbc313,GGCATGTTATCG,39754,Leonard_CELIACS_02_GEMM_020_30M,GEMM_020,GEMM_020_30M,02,20,30,Case,,02-GEMM-020,2-CASE-020,ITALY,Male,Vaginal,DQ2.2/2.5 Homozygous,30.0,CELIAC,Case_onset,NovaSeq_N983_I13372_39886_Celiac_Leonard_Stool_02_GEMM_020_30M
134,4,C6,806rcbc317,ATGCTAACCACG,39758,Leonard_CELIACS_02_GEMM_031_12M,GEMM_031,GEMM_031_12M,02,31,12,Case,,02-GEMM-031,2-CASE-031,ITALY,Male,C-Section,DQ2.5 Heterozygous,24.0,CELIAC,Case_precede,NovaSeq_N983_I13376_39890_Celiac_Leonard_Stool_02_GEMM_031_12M
135,4,C7,806rcbc318,ACCAATCTCGGC,39759,Leonard_CELIACS_02_GEMM_031_18M,GEMM_031,GEMM_031_18M,02,31,18,Case,,02-GEMM-031,2-CASE-031,ITALY,Male,C-Section,DQ2.5 Heterozygous,24.0,CELIAC,Case_precede,NovaSeq_N983_I13377_39891_Celiac_Leonard_Stool_02_GEMM_031_18M
136,4,C8,806rcbc319,TATCCAAGCGCA,39760,Leonard_CELIACS_02_GEMM_031_24M,GEMM_031,GEMM_031_24M,02,31,24,Case,,02-GEMM-031,2-CASE-031,ITALY,Male,C-Section,DQ2.5 Heterozygous,24.0,CELIAC,Case_onset,NovaSeq_N983_I13378_39892_Celiac_Leonard_Stool_02_GEMM_031_24M
137,4,D2,806rcbc325,TGTACATCGCCG,39766,Leonard_CELIACS_02_GEMM_039_12M,GEMM_039,GEMM_039_12M,02,39,12,Case,,02-GEMM-039,2-CASE-039,ITALY,Female,Vaginal,DQ2.2 and DQ7,24.0,CELIAC,Case_precede,NovaSeq_N983_I13384_39898_Celiac_Leonard_Stool_02_GEMM_039_12M
138,4,D3,806rcbc326,TGTTAAGCAGCA,39767,Leonard_CELIACS_02_GEMM_039_18M,GEMM_039,GEMM_039_18M,02,39,18,Case,,02-GEMM-039,2-CASE-039,ITALY,Female,Vaginal,DQ2.2 and DQ7,24.0,CELIAC,Case_precede,NovaSeq_N983_I13385_39899_Celiac_Leonard_Stool_02_GEMM_039_18M
139,4,D4,806rcbc327,ACGGCGTTATGT,39768,Leonard_CELIACS_02_GEMM_039_24M,GEMM_039,GEMM_039_24M,02,39,24,Case,,02-GEMM-039,2-CASE-039,ITALY,Female,Vaginal,DQ2.2 and DQ7,24.0,CELIAC,Case_onset,NovaSeq_N983_I13386_39900_Celiac_Leonard_Stool_02_GEMM_039_24M
140,4,D5,806rcbc328,ACTTTGCTTTGC,39769,Leonard_CELIACS_02_GEMM_041_12M,GEMM_041,GEMM_041_12M,02,41,12,Case,,02-GEMM-041,2-CASE-041,ITALY,Male,C-Section,DQ2.5 and DQ7,12.0,CELIAC,Case_onset,NovaSeq_N983_I13387_39901_Celiac_Leonard_Stool_02_GEMM_041_12M
141,4,D6,806rcbc329,CAAAGCGGTATT,39770,Leonard_CELIACS_02_GEMM_041_18M,GEMM_041,GEMM_041_18M,02,41,18,Case,,02-GEMM-041,2-CASE-041,ITALY,Male,C-Section,DQ2.5 and DQ7,12.0,CELIAC,Case_precede,NovaSeq_N983_I13388_39902_Celiac_Leonard_Stool_02_GEMM_041_18M
142,4,D7,806rcbc330,CGAAACTACGTA,39772,Leonard_CELIACS_02_GEMM_045_12M,GEMM_045,GEMM_045_12M,02,45,12,Case,,02-GEMM-045,2-CASE-045,ITALY,Female,Vaginal,DQ2.2 Homozygous,36.0,CELIAC,Case_precede,NovaSeq_N983_I13389_39903_Celiac_Leonard_Stool_02_GEMM_045_12M
143,4,D8,806rcbc331,GAGGACCAGCAA,39772,Leonard_CELIACS_02_GEMM_045_18M,GEMM_045,GEMM_045_18M,02,45,18,Case,,02-GEMM-045,2-CASE-045,ITALY,Female,Vaginal,DQ2.2 Homozygous,36.0,CELIAC,Case_precede,NovaSeq_N983_I13390_39904_Celiac_Leonard_Stool_02_GEMM_045_18M
144,4,D9,806rcbc332,AATAGCATGTCG,39773,Leonard_CELIACS_02_GEMM_045_24M,GEMM_045,GEMM_045_24M,02,45,24,Case,,02-GEMM-045,2-CASE-045,ITALY,Female,Vaginal,DQ2.2 Homozygous,36.0,CELIAC,Case_precede,NovaSeq_N983_I13391_39905_Celiac_Leonard_Stool_02_GEMM_045_24M
145,4,D10,806rcbc333,CGGAGTAATCCT,39774,Leonard_CELIACS_02_GEMM_045_30M,GEMM_045,GEMM_045_30M,02,45,30,Case,,02-GEMM-045,2-CASE-045,ITALY,Female,Vaginal,DQ2.2 Homozygous,36.0,CELIAC,Case_precede,NovaSeq_N983_I13392_39906_Celiac_Leonard_Stool_02_GEMM_045_30M
146,4,D12,806rcbc335,CTTCGCGGATGT,39775,Leonard_CELIACS_02_GEMM_045_36M,GEMM_045,GEMM_045_36M,02,45,36,Case,,02-GEMM-045,2-CASE-045,ITALY,Female,Vaginal,DQ2.2 Homozygous,36.0,CELIAC,Case_onset,NovaSeq_N983_I13393_39907_Celiac_Leonard_Stool_02_GEMM_045_36M
147,4,E7,806rcbc342,TATGAACGTCCG,39782,Leonard_CELIACS_02_GEMM_058_12M,GEMM_058,GEMM_058_12M,02,58,12,Case,,02-GEMM-058,2-CASE-058,ITALY,Female,C-Section,DQ2.5 Heterozygous,18.0,CELIAC,Case_precede,NovaSeq_N983_I13400_39914_Celiac_Leonard_Stool_02_GEMM_058_12M
148,4,E8,806rcbc343,CCACATTGGGTC,39783,Leonard_CELIACS_02_GEMM_058_18M,GEMM_058,GEMM_058_18M,02,58,18,Case,,02-GEMM-058,2-CASE-058,ITALY,Female,C-Section,DQ2.5 Heterozygous,18.0,CELIAC,Case_onset,NovaSeq_N983_I13401_39915_Celiac_Leonard_Stool_02_GEMM_058_18M
149,4,E9,806rcbc344,TCAGTCAGATGA,39784,Leonard_CELIACS_02_GEMM_134_12M,GEMM_134,GEMM_134_12M,02,134,12,Case,,02-GEMM-134,2-CASE-134,ITALY,Female,C-Section,DQ2.2 and DQ7,48.0,CELIAC,Case_precede,NovaSeq_N983_I13402_39916_Celiac_Leonard_Stool_02_GEMM_134_12M
150,4,E10,806rcbc345,AAGTCACACACA,39785,Leonard_CELIACS_02_GEMM_134_18M,GEMM_134,GEMM_134_18M,02,134,18,Case,,02-GEMM-134,2-CASE-134,ITALY,Female,C-Section,DQ2.2 and DQ7,48.0,CELIAC,Case_precede,NovaSeq_N983_I13403_39917_Celiac_Leonard_Stool_02_GEMM_134_18M
151,4,E11,806rcbc346,GCTGTGATTCGA,39786,Leonard_CELIACS_02_GEMM_134_30M,GEMM_134,GEMM_134_30M,02,134,30,Case,,02-GEMM-134,2-CASE-134,ITALY,Female,C-Section,DQ2.2 and DQ7,48.0,CELIAC,Case_precede,NovaSeq_N983_I13404_39918_Celiac_Leonard_Stool_02_GEMM_134_30M
152,4,E12,806rcbc347,CTAGCTATGGAC,39787,Leonard_CELIACS_02_GEMM_134_36M,GEMM_134,GEMM_134_36M,02,134,36,Case,,02-GEMM-134,2-CASE-134,ITALY,Female,C-Section,DQ2.2 and DQ7,48.0,CELIAC,Case_precede,NovaSeq_N983_I13405_39919_Celiac_Leonard_Stool_02_GEMM_134_36M
153,4,F2,806rcbc349,ACCTGGGAATAT,39788,Leonard_CELIACS_02_GEMM_134_48M,GEMM_134,GEMM_134_48M,02,134,48,Case,,02-GEMM-134,2-CASE-134,ITALY,Female,C-Section,DQ2.2 and DQ7,48.0,CELIAC,Case_onset,NovaSeq_N983_I13406_39920_Celiac_Leonard_Stool_02_GEMM_134_48M
154,4,F3,806rcbc350,CTCTGCCTAATT,39789,Leonard_CELIACS_02_GEMM_151_12M,GEMM_151,GEMM_151_12M,02,151,12,Case,,02-GEMM-151,2-CASE-151,ITALY,Female,C-Section,DQ2.5 Homozygous,18.0,CELIAC,Case_precede,NovaSeq_N983_I13407_39921_Celiac_Leonard_Stool_02_GEMM_151_12M
155,4,F4,806rcbc351,ATATGACCCAGC,39790,Leonard_CELIACS_02_GEMM_151_18M,GEMM_151,GEMM_151_18M,02,151,18,Case,,02-GEMM-151,2-CASE-151,ITALY,Female,C-Section,DQ2.5 Homozygous,18.0,CELIAC,Case_onset,NovaSeq_N983_I13408_39922_Celiac_Leonard_Stool_02_GEMM_151_18M
156,4,F5,806rcbc352,CTCTATTCCACC,39791,Leonard_CELIACS_02_GEMM_228_12M,GEMM_228,GEMM_228_12M,02,228,12,Case,,02-GEMM-228,2-CASE-228,ITALY,Female,C-Section,DQ2.5 and DQ7,30.0,CELIAC,Case_precede,NovaSeq_N983_I13409_39923_Celiac_Leonard_Stool_02_GEMM_228_12M
157,4,F6,806rcbc353,ATTGAGTGAGTC,39792,Leonard_CELIACS_02_GEMM_228_30M,GEMM_228,GEMM_228_30M,02,228,30,Case,,02-GEMM-228,2-CASE-228,ITALY,Female,C-Section,DQ2.5 and DQ7,30.0,CELIAC,Case_onset,NovaSeq_N983_I13410_39924_Celiac_Leonard_Stool_02_GEMM_228_30M
158,1,B5,806rcbc16,GTAGATCGTGTA,39263,Leonard_CELIACS_01_GEMM_011_12M,GEMM_011,GEMM_011_12M,01,11,12,Control,Control 01,01-GEMM-011,1-CONTROL-009,USA,Female,C-Section,DQ8,,CONTROL,Control,NovaSeq_N979_I13193_39470_Leonard_Human_Stool_Celiac_01_GEMM_011_12M
159,1,B6,806rcbc17,TAACGTGTGTGC,39264,Leonard_CELIACS_01_GEMM_011_18M,GEMM_011,GEMM_011_18M,01,11,18,Control,Control 01,01-GEMM-011,1-CONTROL-009,USA,Female,C-Section,DQ8,,CONTROL,Control,NovaSeq_N979_I13194_39471_Leonard_Human_Stool_Celiac_01_GEMM_011_18M
160,1,B7,806rcbc18,CATTATGGCGTG,39265,Leonard_CELIACS_01_GEMM_011_24M,GEMM_011,GEMM_011_24M,01,11,24,Control,Control 01,01-GEMM-011,1-CONTROL-009,USA,Female,C-Section,DQ8,,CONTROL,Control,NovaSeq_N979_I13195_39472_Leonard_Human_Stool_Celiac_01_GEMM_011_24M
161,1,B8,806rcbc19,CCAATACGCCTG,39266,Leonard_CELIACS_01_GEMM_011_30M,GEMM_011,GEMM_011_30M,01,11,30,Control,Control 01,01-GEMM-011,1-CONTROL-009,USA,Female,C-Section,DQ8,,CONTROL,Control,NovaSeq_N979_I13196_39473_Leonard_Human_Stool_Celiac_01_GEMM_011_30M
162,1,B9,806rcbc20,GATCTGCGATCC,39267,Leonard_CELIACS_01_GEMM_011_36M,GEMM_011,GEMM_011_36M,01,11,36,Control,Control 01,01-GEMM-011,1-CONTROL-009,USA,Female,C-Section,DQ8,,CONTROL,Control,NovaSeq_N979_I13197_39474_Leonard_Human_Stool_Celiac_01_GEMM_011_36M
163,1,B10,806rcbc21,CAGCTCATCAGC,39268,Leonard_CELIACS_01_GEMM_011_48M,GEMM_011,GEMM_011_48M,01,11,48,Control,Control 01,01-GEMM-011,1-CONTROL-009,USA,Female,C-Section,DQ8,,CONTROL,Control,NovaSeq_N979_I13198_39475_Leonard_Human_Stool_Celiac_01_GEMM_011_48M
164,1,B11,806rcbc22,CAAACAACAGCT,39269,Leonard_CELIACS_01_GEMM_011_60M,GEMM_011,GEMM_011_60M,01,11,60,Control,Control 01,01-GEMM-011,1-CONTROL-009,USA,Female,C-Section,DQ8,,CONTROL,Control,NovaSeq_N979_I13199_39476_Leonard_Human_Stool_Celiac_01_GEMM_011_60M
165,1,B12,806rcbc23,GCAACACCATCC,39270,Leonard_CELIACS_01_GEMM_011_6Y,GEMM_011,GEMM_011_6Y,01,11,72,Control,Control 01,01-GEMM-011,1-CONTROL-009,USA,Female,C-Section,DQ8,,CONTROL,Control,NovaSeq_N979_I13200_39477_Leonard_Human_Stool_Celiac_01_GEMM_011_6Y
166,1,C1,806rcbc24,GCGATATATCGC,39271,Leonard_CELIACS_01_GEMM_011_7Y,GEMM_011,GEMM_011_7Y,01,11,84,Control,Control 01,01-GEMM-011,1-CONTROL-009,USA,Female,C-Section,DQ8,,CONTROL,Control,NovaSeq_N979_I13201_39478_Leonard_Human_Stool_Celiac_01_GEMM_011_7Y
167,1,C9,806rcbc32,GCATATGCACTG,39278,Leonard_CELIACS_01_GEMM_016_12M,GEMM_016,GEMM_016_12M,01,16,12,Control,Control 02,01-GEMM-016,1-CONTROL-014,USA,Female,Vaginal,DQ2.2 Heterozygous,,CONTROL,Control,NovaSeq_N979_I13207_39485_Leonard_Human_Stool_Celiac_01_GEMM_016_12M
168,1,C10,806rcbc33,CAACTCCCGTGA,39279,Leonard_CELIACS_01_GEMM_016_18M,GEMM_016,GEMM_016_18M,01,16,18,Control,Control 02,01-GEMM-016,1-CONTROL-014,USA,Female,Vaginal,DQ2.2 Heterozygous,,CONTROL,Control,NovaSeq_N979_I13208_39486_Leonard_Human_Stool_Celiac_01_GEMM_016_18M
169,1,C11,806rcbc34,TTGCGTTAGCAG,39280,Leonard_CELIACS_01_GEMM_016_24M,GEMM_016,GEMM_016_24M,01,16,24,Control,Control 02,01-GEMM-016,1-CONTROL-014,USA,Female,Vaginal,DQ2.2 Heterozygous,,CONTROL,Control,NovaSeq_N979_I13209_39487_Leonard_Human_Stool_Celiac_01_GEMM_016_24M
170,1,C12,806rcbc35,TACGAGCCCTAA,39281,Leonard_CELIACS_01_GEMM_016_30M,GEMM_016,GEMM_016_30M,01,16,30,Control,Control 02,01-GEMM-016,1-CONTROL-014,USA,Female,Vaginal,DQ2.2 Heterozygous,,CONTROL,Control,NovaSeq_N979_I13210_39488_Leonard_Human_Stool_Celiac_01_GEMM_016_30M
171,1,D1,806rcbc36,CACTACGCTAGA,39282,Leonard_CELIACS_01_GEMM_016_36M,GEMM_016,GEMM_016_36M,01,16,36,Control,Control 02,01-GEMM-016,1-CONTROL-014,USA,Female,Vaginal,DQ2.2 Heterozygous,,CONTROL,Control,NovaSeq_N979_I13211_39489_Leonard_Human_Stool_Celiac_01_GEMM_016_36M
172,1,D2,806rcbc37,TGCAGTCCTCGA,39283,Leonard_CELIACS_01_GEMM_016_48M,GEMM_016,GEMM_016_48M,01,16,48,Control,Control 02,01-GEMM-016,1-CONTROL-014,USA,Female,Vaginal,DQ2.2 Heterozygous,,CONTROL,Control,NovaSeq_N979_I13212_39490_Leonard_Human_Stool_Celiac_01_GEMM_016_48M
173,1,D3,806rcbc38,ACCATAGCTCCG,39284,Leonard_CELIACS_01_GEMM_019_12M,GEMM_019,GEMM_019_12M,01,19,12,Control,Control 03,01-GEMM-019,1-CONTROL-001,USA,Female,Vaginal,DQ2.5 Heterozygous,,CONTROL,Control,NovaSeq_N979_I13213_39491_Leonard_Human_Stool_Celiac_01_GEMM_019_12M
174,1,D4,806rcbc39,TCGACATCTCTT,39285,Leonard_CELIACS_01_GEMM_019_18M,GEMM_019,GEMM_019_18M,01,19,18,Control,Control 03,01-GEMM-019,1-CONTROL-001,USA,Female,Vaginal,DQ2.5 Heterozygous,,CONTROL,Control,NovaSeq_N979_I13214_39492_Leonard_Human_Stool_Celiac_01_GEMM_019_18M
175,1,D5,806rcbc40,GAACACTTTGGA,39286,Leonard_CELIACS_01_GEMM_019_24M,GEMM_019,GEMM_019_24M,01,19,24,Control,Control 03,01-GEMM-019,1-CONTROL-001,USA,Female,Vaginal,DQ2.5 Heterozygous,,CONTROL,Control,NovaSeq_N979_I13215_39493_Leonard_Human_Stool_Celiac_01_GEMM_019_24M
176,1,D6,806rcbc41,GAGCCATCTGTA,39287,Leonard_CELIACS_01_GEMM_019_30M,GEMM_019,GEMM_019_30M,01,19,30,Control,Control 03,01-GEMM-019,1-CONTROL-001,USA,Female,Vaginal,DQ2.5 Heterozygous,,CONTROL,Control,NovaSeq_N979_I13216_39494_Leonard_Human_Stool_Celiac_01_GEMM_019_30M
177,1,D7,806rcbc42,TTGGGTACACGT,39288,Leonard_CELIACS_01_GEMM_019_36M,GEMM_019,GEMM_019_36M,01,19,36,Control,Control 03,01-GEMM-019,1-CONTROL-001,USA,Female,Vaginal,DQ2.5 Heterozygous,,CONTROL,Control,NovaSeq_N979_I13217_39495_Leonard_Human_Stool_Celiac_01_GEMM_019_36M
178,1,D8,806rcbc43,AAGGCGCTCCTT,39289,Leonard_CELIACS_01_GEMM_019_48M,GEMM_019,GEMM_019_48M,01,19,48,Control,Control 03,01-GEMM-019,1-CONTROL-001,USA,Female,Vaginal,DQ2.5 Heterozygous,,CONTROL,Control,NovaSeq_N979_I13218_39496_Leonard_Human_Stool_Celiac_01_GEMM_019_48M
179,1,D9,806rcbc44,TAATACGGATCG,39290,Leonard_CELIACS_01_GEMM_019_60M,GEMM_019,GEMM_019_60M,01,19,60,Control,Control 03,01-GEMM-019,1-CONTROL-001,USA,Female,Vaginal,DQ2.5 Heterozygous,,CONTROL,Control,NovaSeq_N979_I13219_39497_Leonard_Human_Stool_Celiac_01_GEMM_019_60M
180,1,F10,806rcbc69,TATCGACACAAG,39313,Leonard_CELIACS_01_GEMM_053_12M,GEMM_053,GEMM_053_12M,01,53,12,Control,,01-GEMM-053,1-CONTROL-085,USA,Male,Vaginal,DQ2.2/2.5 Homozygous,,CONTROL,Control,NovaSeq_N980_I13241_39520_Leonard_Human_Stool_Celiac_01_GEMM_053_12M
181,1,F11,806rcbc70,GATTCCGGCTCA,39314,Leonard_CELIACS_01_GEMM_053_18M,GEMM_053,GEMM_053_18M,01,53,18,Control,,01-GEMM-053,1-CONTROL-085,USA,Male,Vaginal,DQ2.2/2.5 Homozygous,,CONTROL,Control,NovaSeq_N980_I13242_39521_Leonard_Human_Stool_Celiac_01_GEMM_053_18M
182,1,F12,806rcbc71,CGTAATTGCCGC,39315,Leonard_CELIACS_01_GEMM_053_24M,GEMM_053,GEMM_053_24M,01,53,24,Control,,01-GEMM-053,1-CONTROL-085,USA,Male,Vaginal,DQ2.2/2.5 Homozygous,,CONTROL,Control,NovaSeq_N980_I13243_39522_Leonard_Human_Stool_Celiac_01_GEMM_053_24M
183,1,G1,806rcbc72,GGTGACTAGTTC,39316,Leonard_CELIACS_01_GEMM_057_12M,GEMM_057,GEMM_057_12M,01,57,12,Control,,01-GEMM-057,1-CONTROL-079,USA,Female,Vaginal,DQ2.2 and DQ8,,CONTROL,Control,NovaSeq_N980_I13244_39523_Leonard_Human_Stool_Celiac_01_GEMM_057_12M
184,1,G3,806rcbc74,TAGGCATGCTTG,39317,Leonard_CELIACS_01_GEMM_057_18M,GEMM_057,GEMM_057_18M,01,57,18,Control,,01-GEMM-057,1-CONTROL-079,USA,Female,Vaginal,DQ2.2 and DQ8,,CONTROL,Control,NovaSeq_N980_I13245_39524_Leonard_Human_Stool_Celiac_01_GEMM_057_18M
185,1,G4,806rcbc75,AACTAGTTCAGG,39318,Leonard_CELIACS_01_GEMM_057_24M,GEMM_057,GEMM_057_24M,01,57,24,Control,,01-GEMM-057,1-CONTROL-079,USA,Female,Vaginal,DQ2.2 and DQ8,,CONTROL,Control,NovaSeq_N980_I13246_39525_Leonard_Human_Stool_Celiac_01_GEMM_057_24M
186,1,G5,806rcbc76,ATTCTGCCGAAG,39319,Leonard_CELIACS_01_GEMM_057_30M,GEMM_057,GEMM_057_30M,01,57,30,Control,,01-GEMM-057,1-CONTROL-079,USA,Female,Vaginal,DQ2.2 and DQ8,,CONTROL,Control,NovaSeq_N980_I13247_39526_Leonard_Human_Stool_Celiac_01_GEMM_057_30M
187,1,G6,806rcbc77,AGCATGTCCCGT,39320,Leonard_CELIACS_01_GEMM_057_36M,GEMM_057,GEMM_057_36M,01,57,36,Control,,01-GEMM-057,1-CONTROL-079,USA,Female,Vaginal,DQ2.2 and DQ8,,CONTROL,Control,NovaSeq_N980_I13248_39527_Leonard_Human_Stool_Celiac_01_GEMM_057_36M
188,1,G7,806rcbc78,GTACGATATGAC,39321,Leonard_CELIACS_01_GEMM_057_48M,GEMM_057,GEMM_057_48M,01,57,48,Control,,01-GEMM-057,1-CONTROL-079,USA,Female,Vaginal,DQ2.2 and DQ8,,CONTROL,Control,NovaSeq_N980_I13249_39528_Leonard_Human_Stool_Celiac_01_GEMM_057_48M
189,1,G8,806rcbc79,GTGGTGGTTTCC,39322,Leonard_CELIACS_01_GEMM_057_60M,GEMM_057,GEMM_057_60M,01,57,60,Control,,01-GEMM-057,1-CONTROL-079,USA,Female,Vaginal,DQ2.2 and DQ8,,CONTROL,Control,NovaSeq_N980_I13250_39529_Leonard_Human_Stool_Celiac_01_GEMM_057_60M
190,1,G9,806rcbc80,TAGTATGCGCAA,39323,Leonard_CELIACS_01_GEMM_060_12M,GEMM_060,GEMM_060_12M,01,60,12,Control,,01-GEMM-060,1-CONTROL-052,USA,Male,Vaginal,DQ2.2/2.5 Homozygous,,CONTROL,Control,NovaSeq_N980_I13251_39530_Leonard_Human_Stool_Celiac_01_GEMM_060_12M
191,1,G10,806rcbc81,TGCGCTGAATGT,39324,Leonard_CELIACS_01_GEMM_060_18M,GEMM_060,GEMM_060_18M,01,60,18,Control,,01-GEMM-060,1-CONTROL-052,USA,Male,Vaginal,DQ2.2/2.5 Homozygous,,CONTROL,Control,NovaSeq_N980_I13252_39531_Leonard_Human_Stool_Celiac_01_GEMM_060_18M
192,1,G11,806rcbc82,ATGGCTGTCAGT,39325,Leonard_CELIACS_01_GEMM_060_24M,GEMM_060,GEMM_060_24M,01,60,24,Control,,01-GEMM-060,1-CONTROL-052,USA,Male,Vaginal,DQ2.2/2.5 Homozygous,,CONTROL,Control,NovaSeq_N980_I13253_39532_Leonard_Human_Stool_Celiac_01_GEMM_060_24M
193,1,G12,806rcbc83,GTTCTCTTCTCG,39326,Leonard_CELIACS_01_GEMM_060_30M,GEMM_060,GEMM_060_30M,01,60,30,Control,,01-GEMM-060,1-CONTROL-052,USA,Male,Vaginal,DQ2.2/2.5 Homozygous,,CONTROL,Control,NovaSeq_N980_I13254_39533_Leonard_Human_Stool_Celiac_01_GEMM_060_30M
194,1,H1,806rcbc84,CGTAAGATGCCT,39327,Leonard_CELIACS_01_GEMM_060_36M,GEMM_060,GEMM_060_36M,01,60,36,Control,,01-GEMM-060,1-CONTROL-052,USA,Male,Vaginal,DQ2.2/2.5 Homozygous,,CONTROL,Control,NovaSeq_N980_I13255_39534_Leonard_Human_Stool_Celiac_01_GEMM_060_36M
195,1,H2,806rcbc85,GCGTTCTAGCTG,39328,Leonard_CELIACS_01_GEMM_060_48M,GEMM_060,GEMM_060_48M,01,60,48,Control,,01-GEMM-060,1-CONTROL-052,USA,Male,Vaginal,DQ2.2/2.5 Homozygous,,CONTROL,Control,NovaSeq_N980_I13256_39535_Leonard_Human_Stool_Celiac_01_GEMM_060_48M
196,1,H3,806rcbc86,GTTGTTCTGGGA,39329,Leonard_CELIACS_01_GEMM_060_60M,GEMM_060,GEMM_060_60M,01,60,60,Control,,01-GEMM-060,1-CONTROL-052,USA,Male,Vaginal,DQ2.2/2.5 Homozygous,,CONTROL,Control,NovaSeq_N980_I13257_39536_Leonard_Human_Stool_Celiac_01_GEMM_060_60M
197,2,A1,806rcbc96,TACCGCTTCTTC,39339,Leonard_CELIACS_01_GEMM_062_12M,GEMM_062,GEMM_062_12M,01,62,12,Control,,01-GEMM-062,1-CONTROL-150,USA,Female,Vaginal,DQ2.2/2.5 Homozygous,,CONTROL,Control,NovaSeq_N980_I13267_39546_Leonard_Human_Stool_Celiac_01_GEMM_062_12M
198,2,A2,806rcbc97,TGTGCGATAACA,39340,Leonard_CELIACS_01_GEMM_062_18M,GEMM_062,GEMM_062_18M,01,62,18,Control,,01-GEMM-062,1-CONTROL-150,USA,Female,Vaginal,DQ2.2/2.5 Homozygous,,CONTROL,Control,NovaSeq_N980_I13268_39547_Leonard_Human_Stool_Celiac_01_GEMM_062_18M
199,2,A3,806rcbc98,GATTATCGACGA,39341,Leonard_CELIACS_01_GEMM_062_24M,GEMM_062,GEMM_062_24M,01,62,24,Control,,01-GEMM-062,1-CONTROL-150,USA,Female,Vaginal,DQ2.2/2.5 Homozygous,,CONTROL,Control,NovaSeq_N980_I13269_39548_Leonard_Human_Stool_Celiac_01_GEMM_062_24M
200,2,A4,806rcbc99,GCCTAGCCCAAT,39342,Leonard_CELIACS_01_GEMM_062_30M,GEMM_062,GEMM_062_30M,01,62,30,Control,,01-GEMM-062,1-CONTROL-150,USA,Female,Vaginal,DQ2.2/2.5 Homozygous,,CONTROL,Control,NovaSeq_N980_I13270_39549_Leonard_Human_Stool_Celiac_01_GEMM_062_30M
201,2,A5,806rcbc100,GATGTATGTGGT,39343,Leonard_CELIACS_01_GEMM_062_36M,GEMM_062,GEMM_062_36M,01,62,36,Control,,01-GEMM-062,1-CONTROL-150,USA,Female,Vaginal,DQ2.2/2.5 Homozygous,,CONTROL,Control,NovaSeq_N980_I13271_39550_Leonard_Human_Stool_Celiac_01_GEMM_062_36M
202,2,A6,806rcbc101,ACTCCTTGTGTT,39344,Leonard_CELIACS_01_GEMM_062_48M,GEMM_062,GEMM_062_48M,01,62,48,Control,,01-GEMM-062,1-CONTROL-150,USA,Female,Vaginal,DQ2.2/2.5 Homozygous,,CONTROL,Control,NovaSeq_N980_I13272_39551_Leonard_Human_Stool_Celiac_01_GEMM_062_48M
203,2,A7,806rcbc102,GTCACGGACATT,39345,Leonard_CELIACS_01_GEMM_068_12M,GEMM_068,GEMM_068_12M,01,68,12,Control,,01-GEMM-068,1-CONTROL-026,USA,Female,Vaginal,DQ2.5 Heterozygous,,CONTROL,Control,NovaSeq_N978_I13129_39552_Celiac_Leonard_Stool_01_GEMM_068_12M
204,2,A8,806rcbc103,GCGAGCGAAGTA,39346,Leonard_CELIACS_01_GEMM_068_18M,GEMM_068,GEMM_068_18M,01,68,18,Control,,01-GEMM-068,1-CONTROL-026,USA,Female,Vaginal,DQ2.5 Heterozygous,,CONTROL,Control,NovaSeq_N978_I13130_39553_Celiac_Leonard_Stool_01_GEMM_068_18M
205,2,A9,806rcbc104,ATCTACCGAAGC,39347,Leonard_CELIACS_01_GEMM_068_24M,GEMM_068,GEMM_068_24M,01,68,24,Control,,01-GEMM-068,1-CONTROL-026,USA,Female,Vaginal,DQ2.5 Heterozygous,,CONTROL,Control,NovaSeq_N978_I13131_39554_Celiac_Leonard_Stool_01_GEMM_068_24M
206,2,A10,806rcbc105,ACTTGGTGTAAG,39348,Leonard_CELIACS_01_GEMM_068_30M,GEMM_068,GEMM_068_30M,01,68,30,Control,,01-GEMM-068,1-CONTROL-026,USA,Female,Vaginal,DQ2.5 Heterozygous,,CONTROL,Control,NovaSeq_N978_I13132_39555_Celiac_Leonard_Stool_01_GEMM_068_30M
207,2,A11,806rcbc106,TCTTGGAGGTCA,39349,Leonard_CELIACS-01_GEMM_068_36M,GEMM_068,GEMM_068_36M,01,68,36,Control,,01-GEMM-068,1-CONTROL-026,USA,Female,Vaginal,DQ2.5 Heterozygous,,CONTROL,Control,NovaSeq_N978_I13133_39556_Celiac_Leonard_Stool_01_GEMM_068_36M
208,2,A12,806rcbc107,TCACCTCCTTGT,39350,Leonard_CELIACS_01_GEMM_068_48M,GEMM_068,GEMM_068_48M,01,68,48,Control,,01-GEMM-068,1-CONTROL-026,USA,Female,Vaginal,DQ2.5 Heterozygous,,CONTROL,Control,NovaSeq_N978_I13134_39557_Celiac_Leonard_Stool_01_GEMM_068_48M
209,2,B1,806rcbc108,GCACACCTGATA,39351,Leonard_CELIACS_01_GEMM_068_60M,GEMM_068,GEMM_068_60M,01,68,60,Control,,01-GEMM-068,1-CONTROL-026,USA,Female,Vaginal,DQ2.5 Heterozygous,,CONTROL,Control,NovaSeq_N978_I13135_39558_Celiac_Leonard_Stool_01_GEMM_068_60M
210,2,C9,806rcbc128,ATGCCATGCCGT,39369,Leonard_CELIACS_01_GEMM_102_12M,GEMM_102,GEMM_102_12M,01,102,12,Control,,01-GEMM-102,1-CONTROL-119,USA,Female,Vaginal,DQ2.5 Heterozygous,,CONTROL,Control,NovaSeq_N978_I13153_39576_Celiac_Leonard_Stool_01_GEMM_102_12M
211,2,C10,806rcbc129,GACATTGTCACG,39370,Leonard_CELIACS_01_GEMM_102_18M,GEMM_102,GEMM_102_18M,01,102,18,Control,,01-GEMM-102,1-CONTROL-119,USA,Female,Vaginal,DQ2.5 Heterozygous,,CONTROL,Control,NovaSeq_N978_I13154_39577_Celiac_Leonard_Stool_01_GEMM_102_18M
212,2,C11,806rcbc130,GCCAACAACCAT,39371,Leonard_CELIACS_01_GEMM_102_24M,GEMM_102,GEMM_102_24M,01,102,24,Control,,01-GEMM-102,1-CONTROL-119,USA,Female,Vaginal,DQ2.5 Heterozygous,,CONTROL,Control,NovaSeq_N978_I13155_39578_Celiac_Leonard_Stool_01_GEMM_102_24M
213,2,C12,806rcbc131,ATCAGTACTAGG,39372,Leonard_CELIACS_01_GEMM_102_30M,GEMM_102,GEMM_102_30M,01,102,30,Control,,01-GEMM-102,1-CONTROL-119,USA,Female,Vaginal,DQ2.5 Heterozygous,,CONTROL,Control,NovaSeq_N978_I13156_39579_Celiac_Leonard_Stool_01_GEMM_102_30M
214,2,D1,806rcbc132,TCCTCGAGCGAT,39373,Leonard_CELIACS_01_GEMM_102_36M,GEMM_102,GEMM_102_36M,01,102,36,Control,,01-GEMM-102,1-CONTROL-119,USA,Female,Vaginal,DQ2.5 Heterozygous,,CONTROL,Control,NovaSeq_N978_I13157_39580_Celiac_Leonard_Stool_01_GEMM_102_36M
215,2,D2,806rcbc133,ACCCAAGCGTTA,39374,Leonard_CELIACS_01_GEMM_105_12M,GEMM_105,GEMM_105_12M,01,105,12,Control,,01-GEMM-105,1-CONTROL-093,USA,Male,Vaginal,DQ8,,CONTROL,Control,NovaSeq_N978_I13158_39581_Celiac_Leonard_Stool_01_GEMM_105_12M
216,2,D3,806rcbc134,TGCAGCAAGATT,39375,Leonard_CELIACS_01_GEMM_105_18M,GEMM_105,GEMM_105_18M,01,105,18,Control,,01-GEMM-105,1-CONTROL-093,USA,Male,Vaginal,DQ8,,CONTROL,Control,NovaSeq_N978_I13159_39582_Celiac_Leonard_Stool_01_GEMM_105_18M
217,2,D4,806rcbc135,AGCAACATTGCA,39376,Leonard_CELIACS_01_GEMM_105_24M,GEMM_105,GEMM_105_24M,01,105,24,Control,,01-GEMM-105,1-CONTROL-093,USA,Male,Vaginal,DQ8,,CONTROL,Control,NovaSeq_N978_I13160_39583_Celiac_Leonard_Stool_01_GEMM_105_24M
218,2,D5,806rcbc136,GATGTGGTGTTA,39377,Leonard_CELIACS_01_GEMM_105_30M,GEMM_105,GEMM_105_30M,01,105,30,Control,,01-GEMM-105,1-CONTROL-093,USA,Male,Vaginal,DQ8,,CONTROL,Control,NovaSeq_N978_I13161_39584_Celiac_Leonard_Stool_01_GEMM_105_30M
219,2,D6,806rcbc137,CAGAAATGTGTC,39378,Leonard_CELIACS_01_GEMM_105_36M,GEMM_105,GEMM_105_36M,01,105,36,Control,,01-GEMM-105,1-CONTROL-093,USA,Male,Vaginal,DQ8,,CONTROL,Control,NovaSeq_N978_I13162_39585_Celiac_Leonard_Stool_01_GEMM_105_36M
220,2,D7,806rcbc138,GTAGAGGTAGAG,39379,Leonard_CELIACS_01_GEMM_105_48M,GEMM_105,GEMM_105_48M,01,105,48,Control,,01-GEMM-105,1-CONTROL-093,USA,Male,Vaginal,DQ8,,CONTROL,Control,NovaSeq_N978_I13163_39586_Celiac_Leonard_Stool_01_GEMM_105_48M
221,2,E2,806rcbc145,TGAACCCTATGG,39386,Leonard_CELIACS_01_GEMM_109_12M,GEMM_109,GEMM_109_12M,01,109,12,Control,,01-GEMM-109,1-CONTROL-106,USA,Female,Vaginal,DQ2.5 Homozygous,,CONTROL,Control,NovaSeq_N978_I13170_39593_Celiac_Leonard_Stool_01_GEMM_109_12M
222,2,E3,806rcbc146,AGAGTCTTGCCA,39387,Leonard_CELIACS_01_GEMM_109_18M,GEMM_109,GEMM_109_18M,01,109,18,Control,,01-GEMM-109,1-CONTROL-106,USA,Female,Vaginal,DQ2.5 Homozygous,,CONTROL,Control,NovaSeq_N978_I13171_39594_Celiac_Leonard_Stool_01_GEMM_109_18M
223,2,E4,806rcbc147,ACAACACTCCGA,39388,Leonard_CELIACS_01_GEMM_109_24M,GEMM_109,GEMM_109_24M,01,109,24,Control,,01-GEMM-109,1-CONTROL-106,USA,Female,Vaginal,DQ2.5 Homozygous,,CONTROL,Control,NovaSeq_N978_I13172_39595_Celiac_Leonard_Stool_01_GEMM_109_24M
224,2,E5,806rcbc148,CGATGCTGTTGA,39389,Leonard_CELIACS_01_GEMM_109_30M,GEMM_109,GEMM_109_30M,01,109,30,Control,,01-GEMM-109,1-CONTROL-106,USA,Female,Vaginal,DQ2.5 Homozygous,,CONTROL,Control,NovaSeq_N978_I13173_39596_Celiac_Leonard_Stool_01_GEMM_109_30M
225,2,E6,806rcbc149,ACGACTGCATAA,39390,Leonard_CELIACS_01_GEMM_109_36M,GEMM_109,GEMM_109_36M,01,109,36,Control,,01-GEMM-109,1-CONTROL-106,USA,Female,Vaginal,DQ2.5 Homozygous,,CONTROL,Control,NovaSeq_N978_I13174_39597_Celiac_Leonard_Stool_01_GEMM_109_36M
226,2,E7,806rcbc150,ACGCGAACTAAT,39391,Leonard_CELIACS_01_GEMM_109_48M,GEMM_109,GEMM_109_48M,01,109,48,Control,,01-GEMM-109,1-CONTROL-106,USA,Female,Vaginal,DQ2.5 Homozygous,,CONTROL,Control,NovaSeq_N978_I13175_39598_Celiac_Leonard_Stool_01_GEMM_109_48M
227,2,F9,806rcbc164,TTAACCTTCCTG,39404,Leonard_CELIACS_01_GEMM_139_12M,GEMM_139,GEMM_139_12M,01,139,12,Control,,01-GEMM-139,1-CONTROL-081,USA,Female,Vaginal,DQ2.5 Homozygous,,CONTROL,Control,NovaSeq_N966_I12895_39611_Celiac_Leonard_Stool_01_GEMM_139_12M
228,2,F10,806rcbc165,TGCCGTATGCCA,39405,Leonard_CELIACS_01_GEMM_139_18M,GEMM_139,GEMM_139_18M,01,139,18,Control,,01-GEMM-139,1-CONTROL-081,USA,Female,Vaginal,DQ2.5 Homozygous,,CONTROL,Control,NovaSeq_N966_I12896_39612_Celiac_Leonard_Stool_01_GEMM_139_18M
229,2,G5,806rcbc172,CACTGGTGCATA,39412,Leonard_CELIACS_01_GEMM_151_12M,GEMM_151,GEMM_151_12M,01,151,12,Control,,01-GEMM-151,1-CASE-151,USA,Male,Vaginal,DQ2.2 and DQ7,54.0,CELIAC,Control,NovaSeq_N966_I12903_39619_Celiac_Leonard_Stool_01_GEMM_151_12M
230,2,G6,806rcbc173,AACGTAGGCTCT,39413,Leonard_CELIACS_01_GEMM_151_18M,GEMM_151,GEMM_151_18M,01,151,18,Control,,01-GEMM-151,1-CASE-151,USA,Male,Vaginal,DQ2.2 and DQ7,54.0,CELIAC,Control,NovaSeq_N966_I12904_39620_Celiac_Leonard_Stool_01_GEMM_151_18M
231,2,G7,806rcbc174,AGTTGTAGTCCG,39414,Leonard_CELIACS_01_GEMM_151_24M,GEMM_151,GEMM_151_24M,01,151,24,Control,,01-GEMM-151,1-CASE-151,USA,Male,Vaginal,DQ2.2 and DQ7,54.0,CELIAC,Control,NovaSeq_N966_I12905_39621_Celiac_Leonard_Stool_01_GEMM_151_24M
232,2,G8,806rcbc175,TCGTCAAACCCG,39415,Leonard_CELIACS_01_GEMM_151_30M,GEMM_151,GEMM_151_30M,01,151,30,Control,,01-GEMM-151,1-CASE-151,USA,Male,Vaginal,DQ2.2 and DQ7,54.0,CELIAC,Control,NovaSeq_N966_I12906_39622_Celiac_Leonard_Stool_01_GEMM_151_30M
233,2,G9,806rcbc176,TAATCGGTGCCA,39416,Leonard_CELIACS_01_GEMM_151_36M,GEMM_151,GEMM_151_36M,01,151,36,Control,,01-GEMM-151,1-CASE-151,USA,Male,Vaginal,DQ2.2 and DQ7,54.0,CELIAC,Control,NovaSeq_N966_I12907_39623_Celiac_Leonard_Stool_01_GEMM_151_36M
234,2,G10,806rcbc177,TTGATCCGGTAG,39417,Leonard_CELIACS_01_GEMM_151_48M,GEMM_151,GEMM_151_48M,01,151,48,Control,,01-GEMM-151,1-CASE-151,USA,Male,Vaginal,DQ2.2 and DQ7,54.0,CELIAC,Control,NovaSeq_N966_I12908_39624_Celiac_Leonard_Stool_01_GEMM_151_48M
235,2,G11,806rcbc178,CGGGTGTTTGCT,39418,Leonard_CELIACS_01_GEMM_151_54M,GEMM_151,GEMM_151_54M,01,151,54,Control,,01-GEMM-151,1-CASE-151,USA,Male,Vaginal,DQ2.2 and DQ7,54.0,CELIAC,Control,NovaSeq_N966_I12909_39625_Celiac_Leonard_Stool_01_GEMM_151_54M
236,2,G12,806rcbc179,TTGACCGCGGTT,39419,Leonard_CELIACS_01_GEMM_152_12M,GEMM_152,GEMM_152_12M,01,152,12,Control,,01-GEMM-152,1-CONTROL-151,USA,Male,Vaginal,DQ2.5 Heterozygous,,CONTROL,Control,NovaSeq_N966_I12910_39626_Celiac_Leonard_Stool_01_GEMM_152_12M
237,2,H1,806rcbc180,GTGCAACCAATC,39420,Leonard_CELIACS_01_GEMM_152_18M,GEMM_152,GEMM_152_18M,01,152,18,Control,,01-GEMM-152,1-CONTROL-151,USA,Male,Vaginal,DQ2.5 Heterozygous,,CONTROL,Control,NovaSeq_N966_I12911_39627_Celiac_Leonard_Stool_01_GEMM_152_18M
238,2,H2,806rcbc181,GCTTGAGCTTGA,39421,Leonard_CELIACS_01_GEMM_152_24M,GEMM_152,GEMM_152_24M,01,152,24,Control,,01-GEMM-152,1-CONTROL-151,USA,Male,Vaginal,DQ2.5 Heterozygous,,CONTROL,Control,NovaSeq_N966_I12912_39628_Celiac_Leonard_Stool_01_GEMM_152_24M
239,2,H4,806rcbc183,CTGTCAGTGACC,39422,Leonard_CELIACS_01_GEMM_152_30M,GEMM_152,GEMM_152_30M,01,152,30,Control,,01-GEMM-152,1-CONTROL-151,USA,Male,Vaginal,DQ2.5 Heterozygous,,CONTROL,Control,NovaSeq_N966_I12913_39629_Celiac_Leonard_Stool_01_GEMM_152_30M
240,2,H5,806rcbc184,ACGATTCGAGTC,39423,Leonard_CELIACS_01_GEMM_152_36M,GEMM_152,GEMM_152_36M,01,152,36,Control,,01-GEMM-152,1-CONTROL-151,USA,Male,Vaginal,DQ2.5 Heterozygous,,CONTROL,Control,NovaSeq_N966_I12914_39630_Celiac_Leonard_Stool_01_GEMM_152_36M
241,2,H6,806rcbc185,GGTTCGGTCCAT,39424,Leonard_CELIACS_01_GEMM_152_48M,GEMM_152,GEMM_152_48M,01,152,48,Control,,01-GEMM-152,1-CONTROL-151,USA,Male,Vaginal,DQ2.5 Heterozygous,,CONTROL,Control,NovaSeq_N966_I12915_39631_Celiac_Leonard_Stool_01_GEMM_152_48M
242,2,H7,806rcbc186,CTGATCCATCTT,39425,Leonard_CELIACS_01_GEMM_152_54M,GEMM_152,GEMM_152_54M,01,152,54,Control,,01-GEMM-152,1-CONTROL-151,USA,Male,Vaginal,DQ2.5 Heterozygous,,CONTROL,Control,NovaSeq_N966_I12916_39632_Celiac_Leonard_Stool_01_GEMM_152_54M
243,2,H8,806rcbc187,TATGTGCCGGCT,39426,Leonard_CELIACS_01_GEMM_154_12M,GEMM_154,GEMM_154_12M,01,154,12,Control,,01-GEMM-154,1-CONTROL-128,USA,Female,Vaginal,DQ2.2 Heterozygous,,CONTROL,Control,NovaSeq_N966_I12917_39633_Celiac_Leonard_Stool_01_GEMM_154_12M
244,2,H9,806rcbc188,TGGTCGCATCGT,39427,Leonard_CELIACS_01_GEMM_154_18M,GEMM_154,GEMM_154_18M,01,154,18,Control,,01-GEMM-154,1-CONTROL-128,USA,Female,Vaginal,DQ2.2 Heterozygous,,CONTROL,Control,NovaSeq_N966_I12918_39634_Celiac_Leonard_Stool_01_GEMM_154_18M
245,2,H10,806rcbc189,TGTAAGACTTGG,39428,Leonard_CELIACS01_GEMM_154_24M,GEMM_154,GEMM_154_24M,01,154,24,Control,,01-GEMM-154,1-CONTROL-128,USA,Female,Vaginal,DQ2.2 Heterozygous,,CONTROL,Control,NovaSeq_N966_I12919_39635_Celiac_Leonard_Stool_01_GEMM_154_24M
246,2,H11,806rcbc190,CGGATCTAGTGT,39429,Leonard_CELIACS_01_GEMM_154_30M,GEMM_154,GEMM_154_30M,01,154,30,Control,,01-GEMM-154,1-CONTROL-128,USA,Female,Vaginal,DQ2.2 Heterozygous,,CONTROL,Control,NovaSeq_N966_I12920_39636_Celiac_Leonard_Stool_01_GEMM_154_30M
247,2,H12,806rcbc191,CGATCTTCGAGC,39430,Leonard_CELIACS_01_GEMM_154_36M,GEMM_154,GEMM_154_36M,01,154,36,Control,,01-GEMM-154,1-CONTROL-128,USA,Female,Vaginal,DQ2.2 Heterozygous,,CONTROL,Control,NovaSeq_N966_I12921_39637_Celiac_Leonard_Stool_01_GEMM_154_36M
248,3,A1,806rcbc192,GTCGAATTTGCG,39431,Leonard_CELIACS_01_GEMM_154_48M,GEMM_154,GEMM_154_48M,01,154,48,Control,,01-GEMM-154,1-CONTROL-128,USA,Female,Vaginal,DQ2.2 Heterozygous,,CONTROL,Control,NovaSeq_N966_I12922_39638_Celiac_Leonard_Stool_01_GEMM_154_48M
249,3,A2,806rcbc193,GCATCAGAGTTA,39432,Leonard_CELIACS_01_GEMM_154_60M,GEMM_154,GEMM_154_60M,01,154,60,Control,,01-GEMM-154,1-CONTROL-128,USA,Female,Vaginal,DQ2.2 Heterozygous,,CONTROL,Control,NovaSeq_N966_I12923_39639_Celiac_Leonard_Stool_01_GEMM_154_60M
250,3,A9,806rcbc200,ATTCTCTCACGT,39439,Leonard_CELIACS_01_GEMM_179_12M,GEMM_179,GEMM_179_12M,01,179,12,Control,,01-GEMM-179,1-CONTROL-175,USA,Female,Vaginal,DQ2.2/2.5 Homozygous,,CONTROL,Control,NovaSeq_N966_I12930_39646_Celiac_Leonard_Stool_01_GEMM_179_12M
251,3,A10,806rcbc201,CGACTCTAAACG,39440,Leonard_CELIACS_01_GEMM_179_18M,GEMM_179,GEMM_179_18M,01,179,18,Control,,01-GEMM-179,1-CONTROL-175,USA,Female,Vaginal,DQ2.2/2.5 Homozygous,,CONTROL,Control,NovaSeq_N966_I12931_39647_Celiac_Leonard_Stool_01_GEMM_179_18M
252,3,A11,806rcbc202,GTCTTCAGCAAG,39441,Leonard_CELIACS_01_GEMM_179_24M,GEMM_179,GEMM_179_24M,01,179,24,Control,,01-GEMM-179,1-CONTROL-175,USA,Female,Vaginal,DQ2.2/2.5 Homozygous,,CONTROL,Control,NovaSeq_N981_I13273_39648_Celiac_Leonard_Stool_01_GEMM_179_24M
253,3,A12,806rcbc203,CGGATAACCTCC,39442,Leonard_CELIACS_01_GEMM_179_30M,GEMM_179,GEMM_179_30M,01,179,30,Control,,01-GEMM-179,1-CONTROL-175,USA,Female,Vaginal,DQ2.2/2.5 Homozygous,,CONTROL,Control,NovaSeq_N981_I13286_39649_Celiac_Leonard_Stool_01_GEMM_179_30M
254,3,B1,806rcbc204,AGGGTGACTTTA,39443,Leonard_CELIACS_01_GEMM_179_36M,GEMM_179,GEMM_179_36M,01,179,36,Control,,01-GEMM-179,1-CONTROL-175,USA,Female,Vaginal,DQ2.2/2.5 Homozygous,,CONTROL,Control,NovaSeq_N981_I13287_39650_Celiac_Leonard_Stool_01_GEMM_179_36M
255,3,B3,806rcbc206,GCCTGTCTGCAA,39444,Leonard_CELIACS_01_GEMM_179_48M,GEMM_179,GEMM_179_48M,01,179,48,Control,,01-GEMM-179,1-CONTROL-175,USA,Female,Vaginal,DQ2.2/2.5 Homozygous,,CONTROL,Control,NovaSeq_N981_I13288_39651_Celiac_Leonard_Stool_01_GEMM_179_48M
256,3,B4,806rcbc207,ACTGATGGCCTC,39445,Leonard_CELIACS_01_GEMM_006_12M,GEMM_006,GEMM_006_12M,01,6,12,Control,,01-GEMM-006,1-CONTROL-061,USA,Female,C-Section,Negative,,CONTROL,Control,NovaSeq_N981_I13289_39652_Celiac_Leonard_Stool_01_GEMM_006_12M
257,3,B5,806rcbc208,TTCGATGCCGCA,39446,Leonard_CELIACS_01_GEMM_006_18M,GEMM_006,GEMM_006_18M,01,6,18,Control,,01-GEMM-006,1-CONTROL-061,USA,Female,C-Section,Negative,,CONTROL,Control,NovaSeq_N981_I13290_39653_Celiac_Leonard_Stool_01_GEMM_006_18M
258,3,B6,806rcbc209,TGTGGCTCGTGT,39447,Leonard_CELIACS_01_GEMM_006_24M,GEMM_006,GEMM_006_24M,01,6,24,Control,,01-GEMM-006,1-CONTROL-061,USA,Female,C-Section,Negative,,CONTROL,Control,NovaSeq_N981_I13291_39654_Celiac_Leonard_Stool_01_GEMM_006_24M
259,3,B7,806rcbc210,AACTTTCAGGAG,39448,Leonard_CELIACS_01_GEMM_006_30M,GEMM_006,GEMM_006_30M,01,6,30,Control,,01-GEMM-006,1-CONTROL-061,USA,Female,C-Section,Negative,,CONTROL,Control,NovaSeq_N981_I13292_39655_Celiac_Leonard_Stool_01_GEMM_006_30M
260,3,B8,806rcbc211,TGCACGTGATAA,39449,Leonard_CELIACS_01_GEMM_006_36M,GEMM_006,GEMM_006_36M,01,6,36,Control,,01-GEMM-006,1-CONTROL-061,USA,Female,C-Section,Negative,,CONTROL,Control,NovaSeq_N981_I13293_39656_Celiac_Leonard_Stool_01_GEMM_006_36M
261,3,B9,806rcbc212,GTTCGGTGTCCA,39450,Leonard_CELIACS_01_GEMM_006_48M,GEMM_006,GEMM_006_48M,01,6,48,Control,,01-GEMM-006,1-CONTROL-061,USA,Female,C-Section,Negative,,CONTROL,Control,NovaSeq_N981_I13294_39657_Celiac_Leonard_Stool_01_GEMM_006_48M
262,3,B10,806rcbc213,AAGACAGCTATC,39451,Leonard_CELIACS_01_GEMM_006_60M,GEMM_006,GEMM_006_60M,01,6,60,Control,,01-GEMM-006,1-CONTROL-061,USA,Female,C-Section,Negative,,CONTROL,Control,NovaSeq_N981_I13295_39658_Celiac_Leonard_Stool_01_GEMM_006_60M
263,3,B11,806rcbc214,ATTGACCGGTCA,39452,Leonard_CELIACS_01_GEMM_006_6Y,GEMM_006,GEMM_006_6Y,01,6,72,Control,,01-GEMM-006,1-CONTROL-061,USA,Female,C-Section,Negative,,CONTROL,Control,NovaSeq_N981_I13296_39659_Celiac_Leonard_Stool_01_GEMM_006_6Y
264,3,B12,806rcbc215,TTCTCCATCACA,39453,Leonard_CELIACS_01_GEMM_006_7Y,GEMM_006,GEMM_006_7Y,01,6,84,Control,,01-GEMM-006,1-CONTROL-061,USA,Female,C-Section,Negative,,CONTROL,Control,NovaSeq_N981_I13285_39660_Celiac_Leonard_Stool_01_GEMM_006_7Y
265,3,C1,806rcbc216,CGTAGGTAGAGG,39661,Leonard_CELIACS_02_GEMM_006_12M,GEMM_006,GEMM_006_12M,02,6,12,Control,,02-GEMM-006,2-CONTROL-021,ITALY,Female,C-Section,DQ2.2 and DQ7,,CONTROL,Control,
266,3,C2,806rcbc217,ATTTAGGACGAC,39662,Leonard_CELIACS_02_GEMM_006_18M,GEMM_006,GEMM_006_18M,02,6,18,Control,,02-GEMM-006,2-CONTROL-021,ITALY,Female,C-Section,DQ2.2 and DQ7,,CONTROL,Control,
267,3,C3,806rcbc218,GGATAGCCAAGG,39663,Leonard_CELIACS_02_GEMM_006_24M,GEMM_006,GEMM_006_24M,02,6,24,Control,,02-GEMM-006,2-CONTROL-021,ITALY,Female,C-Section,DQ2.2 and DQ7,,CONTROL,Control,NovaSeq_N983_I13414_39795_Celiac_Leonard_Stool_02_GEMM_006_24M
268,3,C4,806rcbc219,TGGTTGGTTACG,39664,Leonard_CELIACS_02_GEMM_006_30M,GEMM_006,GEMM_006_30M,02,6,30,Control,,02-GEMM-006,2-CONTROL-021,ITALY,Female,C-Section,DQ2.2 and DQ7,,CONTROL,Control,NovaSeq_N983_I13415_39796_Celiac_Leonard_Stool_02_GEMM_006_30M
269,3,C5,806rcbc220,GTCGTCCAAATG,39665,Leonard_CELIACS_02_GEMM_006_36M,GEMM_006,GEMM_006_36M,02,6,36,Control,,02-GEMM-006,2-CONTROL-021,ITALY,Female,C-Section,DQ2.2 and DQ7,,CONTROL,Control,
270,3,C6,806rcbc221,CAACGTGCTCCA,39666,Leonard_CELIACS_02_GEMM_006_48M,GEMM_006,GEMM_006_48M,02,6,48,Control,,02-GEMM-006,2-CONTROL-021,ITALY,Female,C-Section,DQ2.2 and DQ7,,CONTROL,Control,NovaSeq_N983_I13416_39798_Celiac_Leonard_Stool_02_GEMM_006_48M
271,3,C7,806rcbc222,TACACAAGTCGC,39667,Leonard_CELIACS_02_GEMM_006_60M,GEMM_006,GEMM_006_60M,02,6,60,Control,,02-GEMM-006,2-CONTROL-021,ITALY,Female,C-Section,DQ2.2 and DQ7,,CONTROL,Control,NovaSeq_N983_I13417_39799_Leonard_Human_stool_Celiac_02_GEMM_006_60M
272,3,C8,806rcbc223,GCGTCCATGAAT,39668,Leonard_CELIACS_02_GEMM_010_12M,GEMM_010,GEMM_010_12M,02,10,12,Control,,02-GEMM-010,2-CONTROL-228,ITALY,Female,C-Section,DQ2.5 and DQ7,,CONTROL,Control,NovaSeq_N983_I13418_39800_Leonard_Human_stool_Celiac_02_GEMM_010_12M
273,3,C9,806rcbc224,GTAATGCGTAAC,39669,Leonard_CELIACS_02_GEMM_010_18M,GEMM_010,GEMM_010_18M,02,10,18,Control,,02-GEMM-010,2-CONTROL-228,ITALY,Female,C-Section,DQ2.5 and DQ7,,CONTROL,Control,NovaSeq_N983_I13419_39801_Leonard_Human_stool_Celiac_02_GEMM_010_18M
274,3,C10,806rcbc225,GTCGCCGTACAT,39670,Leonard_CELIACS_02_GEMM_010_24M,GEMM_010,GEMM_010_24M,02,10,24,Control,,02-GEMM-010,2-CONTROL-228,ITALY,Female,C-Section,DQ2.5 and DQ7,,CONTROL,Control,NovaSeq_N983_I13420_39802_Leonard_Human_stool_Celiac_02_GEMM_010_24M
275,3,C11,806rcbc226,GGAATCCGATTA,39671,Leonard_CELIACS_02_GEMM_010_30M,GEMM_010,GEMM_010_30M,02,10,30,Control,,02-GEMM-010,2-CONTROL-228,ITALY,Female,C-Section,DQ2.5 and DQ7,,CONTROL,Control,
276,3,C12,806rcbc227,CACCCGATGGTT,39672,Leonard_CELIACS_02_GEMM_019_12M,GEMM_019,GEMM_019_12M,02,19,12,Control,Control 04,02-GEMM-019,2-CONTROL-199,ITALY,Female,C-Section,DQ2.5 Heterozygous,,CONTROL,Control,
277,3,D1,806rcbc228,TTCTGAGAGGTA,39673,Leonard_CELIACS_02_GEMM_019_18M,GEMM_019,GEMM_019_18M,02,19,18,Control,Control 04,02-GEMM-019,2-CONTROL-199,ITALY,Female,C-Section,DQ2.5 Heterozygous,,CONTROL,Control,
278,3,D2,806rcbc229,ATCCCTACGGAA,39674,Leonard_CELIACS_02_GEMM_019_24M,GEMM_019,GEMM_019_24M,02,19,24,Control,Control 04,02-GEMM-019,2-CONTROL-199,ITALY,Female,C-Section,DQ2.5 Heterozygous,,CONTROL,Control,
279,3,D3,806rcbc230,GGTTCCATTAGG,39675,Leonard_CELIACS_02_GEMM_019_30M,GEMM_019,GEMM_019_30M,02,19,30,Control,Control 04,02-GEMM-019,2-CONTROL-199,ITALY,Female,C-Section,DQ2.5 Heterozygous,,CONTROL,Control,
280,3,D4,806rcbc231,GTGTTCCCAGAA,39676,Leonard_CELIACS_02_GEMM_019_36M,GEMM_019,GEMM_019_36M,02,19,36,Control,Control 04,02-GEMM-019,2-CONTROL-199,ITALY,Female,C-Section,DQ2.5 Heterozygous,,CONTROL,Control,
281,3,D5,806rcbc232,CCGAGGTATAAT,39677,Leonard_CELIACS_02_GEMM_019_48M,GEMM_019,GEMM_019_48M,02,19,48,Control,Control 04,02-GEMM-019,2-CONTROL-199,ITALY,Female,C-Section,DQ2.5 Heterozygous,,CONTROL,Control,
282,3,D7,806rcbc234,CTCGTGAATGAC,39678,Leonard_CELIACS_02_GEMM_021_12M,GEMM_021,GEMM_021_12M,02,21,12,Control,,02-GEMM-021,2-CASE-021,ITALY,Female,C-Section,DQ2.5 and DQ7,60.0,CELIAC,Control,
283,3,D8,806rcbc235,AGGTGAGTTCTA,39679,Leonard_CELIACS_02_GEMM_021_18M,GEMM_021,GEMM_021_18M,02,21,18,Control,,02-GEMM-021,2-CASE-021,ITALY,Female,C-Section,DQ2.5 and DQ7,60.0,CELIAC,Control,NovaSeq_N981_I13297_39811_Celiac_Leonard_Stool_02_GEMM_021_18M
284,3,D9,806rcbc236,CCTGTCCTATCT,39680,Leonard_CELIACS_02_GEMM_021_24M,GEMM_021,GEMM_021_24M,02,21,24,Control,,02-GEMM-021,2-CASE-021,ITALY,Female,C-Section,DQ2.5 and DQ7,60.0,CELIAC,Control,NovaSeq_N981_I13298_39812_Celiac_Leonard_Stool_02_GEMM_021_24M
285,3,D10,806rcbc237,GGTTTAACACGC,39681,Leonard_CELIACS_02_GEMM_021_30M,GEMM_021,GEMM_021_30M,02,21,30,Control,,02-GEMM-021,2-CASE-021,ITALY,Female,C-Section,DQ2.5 and DQ7,60.0,CELIAC,Control,NovaSeq_N981_I13299_39813_Celiac_Leonard_Stool_02_GEMM_021_30M
286,3,D11,806rcbc238,AGACAGTAGGAG,39682,Leonard_CELIACS_02_GEMM_021_36M,GEMM_021,GEMM_021_36M,02,21,36,Control,,02-GEMM-021,2-CASE-021,ITALY,Female,C-Section,DQ2.5 and DQ7,60.0,CELIAC,Control,NovaSeq_N981_I13300_39814_Celiac_Leonard_Stool_02_GEMM_021_36M
287,3,D12,806rcbc239,GCCACGACTTAC,39683,Leonard_CELIACS_02_GEMM_021_48M,GEMM_021,GEMM_021_48M,02,21,48,Control,,02-GEMM-021,2-CASE-021,ITALY,Female,C-Section,DQ2.5 and DQ7,60.0,CELIAC,Control,NovaSeq_N981_I13301_39815_Celiac_Leonard_Stool_02_GEMM_021_48M
288,3,E1,806rcbc240,ATTGTTCCTACC,39684,Leonard_CELIACS_02_GEMM_021_60M,GEMM_021,GEMM_021_60M,02,21,60,Control,,02-GEMM-021,2-CASE-021,ITALY,Female,C-Section,DQ2.5 and DQ7,60.0,CELIAC,Control,NovaSeq_N981_I13302_39816_Celiac_Leonard_Stool_02_GEMM_021_60M
289,3,E4,806rcbc243,AGATGATCAGTC,39687,Leonard_CELIACS_02_GEMM_027_12M,GEMM_027,GEMM_027_12M,02,27,12,Control,,02-GEMM-027,2-CONTROL-024,ITALY,Male,Vaginal,DQ8 and DQ7,,CONTROL,Control,NovaSeq_N981_I13305_39819_Celiac_Leonard_Stool_02_GEMM_027_12M
290,3,E5,806rcbc244,GAGACGTGTTCT,39688,Leonard_CELIACS_02_GEMM_027_18M,GEMM_027,GEMM_027_18M,02,27,18,Control,,02-GEMM-027,2-CONTROL-024,ITALY,Male,Vaginal,DQ8 and DQ7,,CONTROL,Control,NovaSeq_N981_I13306_39820_Celiac_Leonard_Stool_02_GEMM_027_18M
291,3,E6,806rcbc245,TATCACCGGCAC,39689,Leonard_CELIACS_02_GEMM_034_12M,GEMM_034,GEMM_034_12M,02,34,12,Control,,02-GEMM-034,2-CONTROL-058,ITALY,Female,C-Section,DQ2.2 Heterozygous,,CONTROL,Control,NovaSeq_N981_I13307_39821_Celiac_Leonard_Stool_02_GEMM_034_12M
292,3,E7,806rcbc246,TATGCCAGAGAT,39690,Leonard_CELIACS_02_GEMM_034_18M,GEMM_034,GEMM_034_18M,02,34,18,Control,,02-GEMM-034,2-CONTROL-058,ITALY,Female,C-Section,DQ2.2 Heterozygous,,CONTROL,Control,NovaSeq_N981_I13308_39822_Celiac_Leonard_Stool_02_GEMM_034_18M
293,3,E8,806rcbc247,AGGTCCAAATCA,39691,Leonard_CELIACS_02_GEMM_035_12M,GEMM_035,GEMM_035_12M,02,35,12,Control,,02-GEMM-035,2-CONTROL-041,ITALY,Male,C-Section,DQ2.5 and DQ8,,CONTROL,Control,NovaSeq_N981_I13309_39823_Celiac_Leonard_Stool_02_GEMM_035_12M
294,3,E9,806rcbc248,ACCGTGCTCACA,39692,Leonard_CELIACS_02_GEMM_035_18M,GEMM_035,GEMM_035_18M,02,35,18,Control,,02-GEMM-035,2-CONTROL-041,ITALY,Male,C-Section,DQ2.5 and DQ8,,CONTROL,Control,NovaSeq_N981_I13310_39824_Celiac_Leonard_Stool_02_GEMM_035_18M
295,3,E10,806rcbc249,CTCCCTTTGTGT,39693,Leonard_CELIACS_02_GEMM_047_12M,GEMM_047,GEMM_047_12M,02,47,12,Control,,02-GEMM-047,2-CONTROL-020,ITALY,Male,Vaginal,DQ2.5 Homozygous,,CONTROL,Control,NovaSeq_N981_I13311_39825_Celiac_Leonard_Stool_02_GEMM_047_12M
296,3,E11,806rcbc250,AGCTGCACCTAA,39694,Leonard_CELIACS_02_GEMM_047_18M,GEMM_047,GEMM_047_18M,02,47,18,Control,,02-GEMM-047,2-CONTROL-020,ITALY,Male,Vaginal,DQ2.5 Homozygous,,CONTROL,Control,NovaSeq_N981_I13312_39826_Celiac_Leonard_Stool_02_GEMM_047_18M
297,3,E12,806rcbc251,CCTTGACCGATG,39695,Leonard_CELIACS_02_GEMM_047_24M,GEMM_047,GEMM_047_24M,02,47,24,Control,,02-GEMM-047,2-CONTROL-020,ITALY,Male,Vaginal,DQ2.5 Homozygous,,CONTROL,Control,NovaSeq_N981_I13313_39827_Celiac_Leonard_Stool_02_GEMM_047_24M
298,3,F1,806rcbc252,CTATCATCCTCA,39696,Leonard_CELIACS_02_GEMM_047_30M,GEMM_047,GEMM_047_30M,02,47,30,Control,,02-GEMM-047,2-CONTROL-020,ITALY,Male,Vaginal,DQ2.5 Homozygous,,CONTROL,Control,NovaSeq_N981_I13314_39828_Celiac_Leonard_Stool_02_GEMM_047_30M
299,3,F6,806rcbc257,CCAGATATAGCA,39701,Leonard_CELIACS_02_GEMM_070_12M,GEMM_070,GEMM_070_12M,02,70,12,Control,,02-GEMM-070,2-CONTROL-057,ITALY,Male,Vaginal,DQ2.2 and DQ7,,CONTROL,Control,NovaSeq_N981_I13319_39833_Celiac_Leonard_Stool_02_GEMM_070_12M
300,3,F7,806rcbc258,GAGAGTCCACTT,39702,Leonard_CELIACS_02_GEMM_070_18M,GEMM_070,GEMM_070_18M,02,70,18,Control,,02-GEMM-070,2-CONTROL-057,ITALY,Male,Vaginal,DQ2.2 and DQ7,,CONTROL,Control,NovaSeq_N981_I13320_39834_Celiac_Leonard_Stool_02_GEMM_070_18M
301,3,F8,806rcbc259,GAACGGGACGTA,39703,Leonard_CELIACS_02_GEMM_070_24M,GEMM_070,GEMM_070_24M,02,70,24,Control,,02-GEMM-070,2-CONTROL-057,ITALY,Male,Vaginal,DQ2.2 and DQ7,,CONTROL,Control,NovaSeq_N982_I13321_39835_Celiac_Leonard_Stool_02_GEMM_070_24M
302,3,F9,806rcbc260,ACGTGTAGGCTT,39704,Leonard_CELIACS_02_GEMM_070_30M,GEMM_070,GEMM_070_30M,02,70,30,Control,,02-GEMM-070,2-CONTROL-057,ITALY,Male,Vaginal,DQ2.2 and DQ7,,CONTROL,Control,NovaSeq_N982_I13322_39836_Celiac_Leonard_Stool_02_GEMM_070_30M
303,3,F10,806rcbc261,GGTCTCCTACAG,39705,Leonard_CELIACS_02_GEMM_077_12M,GEMM_077,GEMM_077_12M,02,77,12,Control,,02-GEMM-077,2-CONTROL-141,ITALY,Female,Vaginal,DQ2.2 and DQ7,,CONTROL,Control,NovaSeq_N982_I13323_39837_Celiac_Leonard_Stool_02_GEMM_077_12M
304,3,F11,806rcbc262,ACTGACTTAAGG,39706,Leonard_CELIACS_02_GEMM_077_18M,GEMM_077,GEMM_077_18M,02,77,18,Control,,02-GEMM-077,2-CONTROL-141,ITALY,Female,Vaginal,DQ2.2 and DQ7,,CONTROL,Control,NovaSeq_N982_I13324_39838_Celiac_Leonard_Stool_02_GEMM_077_18M
305,3,G1,806rcbc264,TTCCTAGGCCAG,39707,Leonard_CELIACS_02_GEMM_090_12M,GEMM_090,GEMM_090_12M,02,90,12,Control,,02-GEMM-090,2-CONTROL-179,ITALY,Female,C-Section,DQ2.2 and DQ7,,CONTROL,Control,NovaSeq_N982_I13325_39839_Celiac_Leonard_Stool_02_GEMM_090_12M
306,3,G2,806rcbc265,ATTAAGCCTGGA,39708,Leonard_CELIACS_02_GEMM_090_18M,GEMM_090,GEMM_090_18M,02,90,18,Control,,02-GEMM-090,2-CONTROL-179,ITALY,Female,C-Section,DQ2.2 and DQ7,,CONTROL,Control,NovaSeq_N982_I13326_39840_Celiac_Leonard_Stool_02_GEMM_090_18M
307,3,G3,806rcbc266,TGGCTTTCTATC,39709,Leonard_CELIACS_02_GEMM_090_24M,GEMM_090,GEMM_090_24M,02,90,24,Control,,02-GEMM-090,2-CONTROL-179,ITALY,Female,C-Section,DQ2.2 and DQ7,,CONTROL,Control,NovaSeq_N982_I13327_39841_Celiac_Leonard_Stool_02_GEMM_090_24M
308,3,G4,806rcbc267,ACAGCTCAAACA,39710,Leonard_CELIACS_02_GEMM_090_30M,GEMM_090,GEMM_090_30M,02,90,30,Control,,02-GEMM-090,2-CONTROL-179,ITALY,Female,C-Section,DQ2.2 and DQ7,,CONTROL,Control,NovaSeq_N982_I13328_39842_Celiac_Leonard_Stool_02_GEMM_090_30M
309,3,G5,806rcbc268,GAGCGTATCCAT,39711,Leonard_CELIACS_02_GEMM_101_12M,GEMM_101,GEMM_101_12M,02,101,12,Control,,02-GEMM-101,2-CONTROL-158,ITALY,Female,C-Section,DQ2.5 and DQ7,,CONTROL,Control,NovaSeq_N982_I13329_39843_Celiac_Leonard_Stool_02_GEMM_101_12M
310,3,G6,806rcbc269,ATGGGCGAATGG,39712,Leonard_CELIACS_02_GEMM_101_18M,GEMM_101,GEMM_101_18M,02,101,18,Control,,02-GEMM-101,2-CONTROL-158,ITALY,Female,C-Section,DQ2.5 and DQ7,,CONTROL,Control,NovaSeq_N982_I13330_39844_Celiac_Leonard_Stool_02_GEMM_101_18M
311,3,G7,806rcbc270,GATCTCTGGGTA,39713,Leonard_CELIACS_02_GEMM_103_12M,GEMM_103,GEMM_103_12M,02,103,12,Control,,02-GEMM-103,2-CONTROL-109,ITALY,Female,C-Section,DQ2.2 Heterozygous,,CONTROL,Control,NovaSeq_N982_I13331_39845_Celiac_Leonard_Stool_02_GEMM_103_12M
312,3,G8,806rcbc271,CATCATACGGGT,39714,Leonard_CELIACS_02_GEMM_103_18M,GEMM_103,GEMM_103_18M,02,103,18,Control,,02-GEMM-103,2-CONTROL-109,ITALY,Female,C-Section,DQ2.2 Heterozygous,,CONTROL,Control,NovaSeq_N982_I13332_39846_Celiac_Leonard_Stool_02_GEMM_103_18M
313,3,G11,806rcbc274,TAACGCTGTGTG,39717,Leonard_CELIACS_02_GEMM_115_12M,GEMM_115,GEMM_115_12M,02,115,12,Control,,02-GEMM-115,2-CONTROL-175,ITALY,Female,Vaginal,DQ2.2 Heterozygous,,CONTROL,Control,NovaSeq_N982_I13335_39849_Celiac_Leonard_Stool_02_GEMM_115_12M
314,3,G12,806rcbc275,AACCAAACTCGA,39718,Leonard_CELIACS_02_GEMM_115_18M,GEMM_115,GEMM_115_18M,02,115,18,Control,,02-GEMM-115,2-CONTROL-175,ITALY,Female,Vaginal,DQ2.2 Heterozygous,,CONTROL,Control,NovaSeq_N982_I13336_39850_Celiac_Leonard_Stool_02_GEMM_115_18M
315,3,H1,806rcbc276,GCCGTCTCGTAA,39719,Leonard_CELIACS_02_GEMM_115_24M,GEMM_115,GEMM_115_24M,02,115,24,Control,,02-GEMM-115,2-CONTROL-175,ITALY,Female,Vaginal,DQ2.2 Heterozygous,,CONTROL,Control,NovaSeq_N982_I13337_39851_Celiac_Leonard_Stool_02_GEMM_115_24M
316,3,H2,806rcbc277,CTGGGTATCTCG,39720,Leonard_CELIACS_02_GEMM_115_30M,GEMM_115,GEMM_115_30M,02,115,30,Control,,02-GEMM-115,2-CONTROL-175,ITALY,Female,Vaginal,DQ2.2 Heterozygous,,CONTROL,Control,NovaSeq_N982_I13338_39852_Celiac_Leonard_Stool_02_GEMM_115_30M
317,3,H4,806rcbc279,GCGTTGCAAACT,39721,Leonard_CELIACS_02_GEMM_115_36M,GEMM_115,GEMM_115_36M,02,115,36,Control,,02-GEMM-115,2-CONTROL-175,ITALY,Female,Vaginal,DQ2.2 Heterozygous,,CONTROL,Control,NovaSeq_N982_I13339_39853_Celiac_Leonard_Stool_02_GEMM_115_36M
318,3,H5,806rcbc280,AACCGCATAAGT,39722,Leonard_CELIACS_02_GEMM_115_48M,GEMM_115,GEMM_115_48M,02,115,48,Control,,02-GEMM-115,2-CONTROL-175,ITALY,Female,Vaginal,DQ2.2 Heterozygous,,CONTROL,Control,NovaSeq_N982_I13340_39854_Celiac_Leonard_Stool_02_GEMM_115_48M
319,3,H6,806rcbc281,ACCTTACACCTT,39723,Leonard_CELIACS_02_GEMM_120_12M,GEMM_120,GEMM_120_12M,02,120,12,Control,,02-GEMM-120,2-CONTROL-151,ITALY,Female,C-Section,DQ2.2 Homozygous,,CONTROL,Control,NovaSeq_N982_I13341_39855_Celiac_Leonard_Stool_02_GEMM_120_12M
320,3,H7,806rcbc282,GTAGGTGCTTAC,39724,Leonard_CELIACS_02_GEMM_120_18M,GEMM_120,GEMM_120_18M,02,120,18,Control,,02-GEMM-120,2-CONTROL-151,ITALY,Female,C-Section,DQ2.2 Homozygous,,CONTROL,Control,NovaSeq_N982_I13342_39856_Celiac_Leonard_Stool_02_GEMM_120_18M
321,3,H12,806rcbc287,GAAATGCTACGT,39729,Leonard_CELIACS_02_GEMM_174_12M,GEMM_174,GEMM_174_12M,02,174,12,Control,,02-GEMM-174,2-CONTROL-194,ITALY,Male,C-Section,DQ2.5 and DQ7,,CONTROL,Control,NovaSeq_N982_I13347_39861_Celiac_Leonard_Stool_02_GEMM_174_12M
322,4,A1,806rcbc288,TCTGAGGTTGCC,39730,Leonard_CELIACS_02_GEMM_174_18M,GEMM_174,GEMM_174_18M,02,174,18,Control,,02-GEMM-174,2-CONTROL-194,ITALY,Male,C-Section,DQ2.5 and DQ7,,CONTROL,Control,NovaSeq_N982_I13348_39862_Celiac_Leonard_Stool_02_GEMM_174_18M
323,4,B8,806rcbc307,TAAGGCATCGCT,39748,Leonard_CELIACS_02_GEMM_013_12M,GEMM_013,GEMM_013_12M,02,13,12,Control,,02-GEMM-013,2-CONTROL-031,ITALY,Male,C-Section,DQ2.2 Heterozygous,,CONTROL,Control,NovaSeq_N982_I13366_39880_Celiac_Leonard_Stool_02_GEMM_013_12M
324,4,B9,806rcbc308,ACCCATACAGCC,39749,Leonard_CELIACS_02_GEMM_013_12M,GEMM_013,GEMM_013_12M,02,13,12,Control,,02-GEMM-013,2-CONTROL-031,ITALY,Male,C-Section,DQ2.2 Heterozygous,,CONTROL,Control,
325,4,B10,806rcbc309,CGCACTACGCAT,39750,Leonard_CELIACS_02_GEMM_013_24M,GEMM_013,GEMM_013_24M,02,13,24,Control,,02-GEMM-013,2-CONTROL-031,ITALY,Male,C-Section,DQ2.2 Heterozygous,,CONTROL,Control,NovaSeq_N982_I13368_39882_Celiac_Leonard_Stool_02_GEMM_013_24M
326,4,C3,806rcbc314,AGGCACAGTAGG,39755,Leonard_CELIACS_02_GEMM_030_12M,GEMM_030,GEMM_030_12M,02,30,12,Control,,02-GEMM-030,2-CONTROL-039,ITALY,Female,Vaginal,DQ2.2 Heterozygous,,CONTROL,Control,NovaSeq_N983_I13373_39887_Celiac_Leonard_Stool_02_GEMM_030_12M
327,4,C4,806rcbc315,CTACTTACATCC,39756,Leonard_CELIACS_02_GEMM_030_18M,GEMM_030,GEMM_030_18M,02,30,18,Control,,02-GEMM-030,2-CONTROL-039,ITALY,Female,Vaginal,DQ2.2 Heterozygous,,CONTROL,Control,NovaSeq_N983_I13374_39888_Celiac_Leonard_Stool_02_GEMM_030_18M
328,4,C5,806rcbc316,CTCTTCTGATCA,39757,Leonard_CELIACS_02_GEMM_030_24M,GEMM_030,GEMM_030_24M,02,30,24,Control,,02-GEMM-030,2-CONTROL-039,ITALY,Female,Vaginal,DQ2.2 Heterozygous,,CONTROL,Control,NovaSeq_N983_I13375_39889_Celiac_Leonard_Stool_02_GEMM_030_24M
329,4,C9,806rcbc320,GTACTGAAGATC,39761,Leonard_CELIACS_02_GEMM_038_12M,GEMM_038,GEMM_038_12M,02,38,12,Control,,02-GEMM-038,2-CONTROL-045,ITALY,Female,Vaginal,DQ2.5 and DQ7,,CONTROL,Control,NovaSeq_N983_I13379_39893_Celiac_Leonard_Stool_02_GEMM_038_12M
330,4,C10,806rcbc321,TCGCCGTGTACA,39762,Leonard_CELIACS_02_GEMM_038_18M,GEMM_038,GEMM_038_18M,02,38,18,Control,,02-GEMM-038,2-CONTROL-045,ITALY,Female,Vaginal,DQ2.5 and DQ7,,CONTROL,Control,NovaSeq_N983_I13380_39894_Celiac_Leonard_Stool_02_GEMM_038_18M
331,4,C11,806rcbc322,AACTGCGATATG,39763,Leonard_CELIACS_02_GEMM_038_24M,GEMM_038,GEMM_038_24M,02,38,24,Control,,02-GEMM-038,2-CONTROL-045,ITALY,Female,Vaginal,DQ2.5 and DQ7,,CONTROL,Control,NovaSeq_N983_I13381_39895_Celiac_Leonard_Stool_02_GEMM_038_24M
332,4,C12,806rcbc323,CTTCCAACTCAT,39764,Leonard_CELIACS_02_GEMM_038_30M,GEMM_038,GEMM_038_30M,02,38,30,Control,,02-GEMM-038,2-CONTROL-045,ITALY,Female,Vaginal,DQ2.5 and DQ7,,CONTROL,Control,NovaSeq_N983_I13382_39896_Celiac_Leonard_Stool_02_GEMM_038_30M
333,4,D1,806rcbc324,GAGATCGCCTAT,39765,Leonard_CELIACS_02_GEMM_038_36M,GEMM_038,GEMM_038_36M,02,38,36,Control,,02-GEMM-038,2-CONTROL-045,ITALY,Female,Vaginal,DQ2.5 and DQ7,,CONTROL,Control,NovaSeq_N983_I13383_39897_Celiac_Leonard_Stool_02_GEMM_038_36M
334,4,E1,806rcbc336,ATAGGCTGTAGT,39776,Leonard_CELIACS_02_GEMM_050_12M,GEMM_050,GEMM_050_12M,02,50,12,Control,,02-GEMM-050,2-CONTROL-134,ITALY,Female,C-Section,DQ2.5 Heterozygous,,CONTROL,Control,NovaSeq_N983_I13394_39908_Celiac_Leonard_Stool_02_GEMM_050_12M
335,4,E2,806rcbc337,TGTGTAGCCATG,39777,Leonard_CELIACS_02_GEMM_050_18M,GEMM_050,GEMM_050_18M,02,50,18,Control,,02-GEMM-050,2-CONTROL-134,ITALY,Female,C-Section,DQ2.5 Heterozygous,,CONTROL,Control,NovaSeq_N983_I13395_39909_Celiac_Leonard_Stool_02_GEMM_050_18M
336,4,E3,806rcbc338,AAGGGCGCTGAA,39778,Leonard_CELIACS_02_GEMM_050_24M,GEMM_050,GEMM_050_24M,02,50,24,Control,,02-GEMM-050,2-CONTROL-134,ITALY,Female,C-Section,DQ2.5 Heterozygous,,CONTROL,Control,NovaSeq_N983_I13396_39910_Celiac_Leonard_Stool_02_GEMM_050_24M
337,4,E4,806rcbc339,GTTTCCGTGGTG,39779,Leonard_CELIACS_02_GEMM_050_30M,GEMM_050,GEMM_050_30M,02,50,30,Control,,02-GEMM-050,2-CONTROL-134,ITALY,Female,C-Section,DQ2.5 Heterozygous,,CONTROL,Control,NovaSeq_N983_I13397_39911_Celiac_Leonard_Stool_02_GEMM_050_30M
338,4,E5,806rcbc340,AGGAACCAGACG,39780,Leonard_CELIACS_02_GEMM_050_36M,GEMM_050,GEMM_050_36M,02,50,36,Control,,02-GEMM-050,2-CONTROL-134,ITALY,Female,C-Section,DQ2.5 Heterozygous,,CONTROL,Control,NovaSeq_N983_I13398_39912_Celiac_Leonard_Stool_02_GEMM_050_36M
339,4,E6,806rcbc341,TAATGCCCAGGT,39781,Leonard_CELIACS_02_GEMM_050_48M,GEMM_050,GEMM_050_48M,02,50,48,Control,,02-GEMM-050,2-CONTROL-134,ITALY,Female,C-Section,DQ2.5 Heterozygous,,CONTROL,Control,NovaSeq_N983_I13399_39913_Celiac_Leonard_Stool_02_GEMM_050_48M
340,1,C5,806rcbc28,CGAGGGAAAGTC,Water,Water,Water,Water,Water,Water,0,,,Water-Water,,,,,,,,,
341,1,D10,806rcbc45,TCGGAATTAGAC,Water,Water,Water,Water,Water,Water,0,,,Water-Water,,,,,,,,,
342,1,E8,806rcbc55,TGTCGCAAATAG,Water,Water,Water,Water,Water,Water,0,,,Water-Water,,,,,,,,,
343,1,G2,806rcbc73,ATGGGTTCCGTC,Water,Water,Water,Water,Water,Water,0,,,Water-Water,,,,,,,,,
344,2,B2,806rcbc109,GCGACAATTACA,Water,Water,Water,Water,Water,Water,0,,,Water-Water,,,,,,,,,
345,2,C8,806rcbc127,GTTAAGCTGACC,Water,Water,Water,Water,Water,Water,0,,,Water-Water,,,,,,,,,
346,2,F5,806rcbc160,AGTGTTTCGGAC,Water,Water,Water,Water,Water,Water,0,,,Water-Water,,,,,,,,,
347,2,H3,806rcbc182,CGCTGTGGATTA,Water,Water,Water,Water,Water,Water,0,,,Water-Water,,,,,,,,,
348,3,B2,806rcbc205,GACTTCATGCGA,Water,Water,Water,Water,Water,Water,0,,,Water-Water,,,,,,,,,
349,3,D6,806rcbc233,AGCGTAATTAGC,Water,Water,Water,Water,Water,Water,0,,,Water-Water,,,,,,,,,
350,3,F12,806rcbc263,GATGCTGCCGTT,Water,Water,Water,Water,Water,Water,0,,,Water-Water,,,,,,,,,
351,3,H3,806rcbc278,GACTACCCGTTG,Water,Water,Water,Water,Water,Water,0,,,Water-Water,,,,,,,,,
352,4,B5,806rcbc304,TCGTGGATAGCT,Water,Water,Water,Water,Water,Water,0,,,Water-Water,,,,,,,,,
353,4,D11,806rcbc334,CTGTGTCCATGG,Water,Water,Water,Water,Water,Water,0,,,Water-Water,,,,,,,,,
354,4,F1,806rcbc348,CTTGACGAGGTT,Water,Water,Water,Water,Water,Water,0,,,Water-Water,,,,,,,,,
